{
  "avg_mse_full": 0.5983120254193893,
  "coverage@68": 0.2361363758041401,
  "coverage@95": 0.3813232501046826,
  "z_mean": 1.144589976924989,
  "z_std": 12.414028343528209,
  "z_abs_mean": 5.97481772875545,
  "NLL_mean": 81.24125749986581,
  "mean_pred_var": 0.015111220182117188,
  "mean_residual_sq": 0.6354461942206729,
  "z_noise_mean": null,
  "z_noise_std": null,
  "coverage_noise@68": null,
  "coverage_noise@95": null,
  "mean_emp_noise_var": null
}