{
  "avg_mse_full": 0.002189783514232228,
  "coverage@68": 0.7149015727796053,
  "coverage@95": 0.8707018400493421,
  "z_mean": 0.040494963012047504,
  "z_std": 1.2474420698065507,
  "z_abs_mean": 0.8522807516549763,
  "NLL_mean": -1.7251380031046115,
  "mean_pred_var": 0.0010980681399814785,
  "mean_residual_sq": 0.00218978352035935,
  "z_noise_mean": null,
  "z_noise_std": null,
  "coverage_noise@68": null,
  "coverage_noise@95": null,
  "mean_emp_noise_var": null
}