{
  "avg_mse_full": 0.0075871446169912815,
  "coverage@68": 0.7783999741077423,
  "coverage@95": 0.9264749735593796,
  "z_mean": -0.1391872838139534,
  "z_std": 1.0285908430814743,
  "z_abs_mean": 0.647968515753746,
  "NLL_mean": -2.8977940678596497,
  "mean_pred_var": 0.0036746239638887346,
  "mean_residual_sq": 0.007587144384160638,
  "z_noise_mean": null,
  "z_noise_std": null,
  "coverage_noise@68": null,
  "coverage_noise@95": null,
  "mean_emp_noise_var": null
}