{
  "mode_cosine_mean": 0.5521700978279114,
  "mode_cosines_each": [
    0.4589883089065552,
    0.7994534969329834,
    0.7232977747917175,
    0.2269407957792282
  ],
  "mode_perm_true_index_for_each_learned": [
    2,
    0,
    1,
    3
  ],
  "mode_phases_rad": [
    0.5813534259796143,
    -1.916214942932129,
    -3.097085475921631,
    0.7675707340240479
  ],
  "lambda_enc_median": [
    "(-0.8908509016036987-0.8300536870956421j)",
    "(-0.6766764521598816-3.966845989227295j)",
    "(-0.70244300365448+1.6888080835342407j)",
    "(-0.8303386569023132+1.5454543828964233j)"
  ],
  "lambda_from_phi": [
    "(0.18116769194602966+2.3941872119903564j)",
    "(0.25467929244041443+0.09810741990804672j)",
    "(0.18609535694122314-0.04628822207450867j)",
    "(0.22756072878837585-0.14534065127372742j)"
  ],
  "lambda_true": [
    "(-0.01+2j)",
    "(-0.05+4j)",
    "(-0.2+1j)",
    "(-0.01+0.3j)"
  ],
  "lambda_error_abs_enc_vs_true_each": [
    1.9561113122465699,
    4.318614614393085,
    0.7591559274507907,
    2.5756014066424338
  ],
  "lambda_error_abs_enc_vs_true_mean": 2.40237081518322,
  "lambda_match_true_index_for_each_learned": [
    2,
    3,
    0,
    1
  ],
  "lambda_error_abs_phi_vs_true_each": [
    1.6223665467257882,
    1.9202214752615352,
    1.115252737411304,
    0.5047409192242808
  ],
  "lambda_error_abs_phi_vs_true_mean": 1.290645419655727,
  "A_offdiag_energy": 0.10299411416053772,
  "A_rel_err_to_ideal_diag": 0.273922324180603
}