{
  "avg_mse_full": 1.872329757529862,
  "coverage@68": 0.1129451816787525,
  "coverage@95": 0.21618648299149104,
  "z_mean": 0.17213760442765697,
  "z_std": 6.387685143217748,
  "z_abs_mean": 5.494168541869339,
  "NLL_mean": 21.570698519142308,
  "mean_pred_var": 0.04006623659206896,
  "mean_residual_sq": 1.92001965733207,
  "z_noise_mean": 0.007454571062318829,
  "z_noise_std": 0.7554862414087568,
  "coverage_noise@68": 0.8587435264976657,
  "coverage_noise@95": 0.9729892331726697,
  "mean_emp_noise_var": 0.010175724589855087
}