{
  "avg_mse_full": 0.00241961972322315,
  "coverage@68": 0.8325091886520386,
  "coverage@95": 0.9666544961929321,
  "z_mean": 0.06391703431960195,
  "z_std": 0.7504546999931335,
  "z_abs_mean": 0.45447129249572754,
  "NLL_mean": -1.7025158858299256,
  "mean_pred_var": 0.0032865432277321815,
  "mean_residual_sq": 0.0023306295601651073,
  "z_noise_mean": null,
  "z_noise_std": null,
  "coverage_noise@68": null,
  "coverage_noise@95": null,
  "mean_emp_noise_var": null
}