{
  "avg_mse_full": 0.009832958923652768,
  "coverage@68": 0.7558214664459229,
  "coverage@95": 0.9026429057121277,
  "z_mean": -0.16181649028190545,
  "z_std": 1.1264915892056055,
  "z_abs_mean": 0.745677188038826,
  "NLL_mean": -2.7812236547470093,
  "mean_pred_var": 0.004362300237906831,
  "mean_residual_sq": 0.00897604410004403,
  "z_noise_mean": null,
  "z_noise_std": null,
  "coverage_noise@68": null,
  "coverage_noise@95": null,
  "mean_emp_noise_var": null
}