{
  "avg_mse_full": 0.06654477355127432,
  "coverage@68": 0.39785914275110984,
  "coverage@95": 0.6859743868818089,
  "z_mean": -0.6674687315956974,
  "z_std": 1.9309059430141837,
  "z_abs_mean": 1.6373585973467146,
  "NLL_mean": 1.0733650067479026,
  "mean_pred_var": 0.017205903743754844,
  "mean_residual_sq": 0.0746501765156887,
  "z_noise_mean": 0.008710881134457126,
  "z_noise_std": 0.8741075579000979,
  "coverage_noise@68": 0.7727090874496771,
  "coverage_noise@95": 0.9693877502363555,
  "mean_emp_noise_var": 0.010175724219226715
}