{
  "avg_mse_full": 0.0027424086001701653,
  "coverage@68": 0.8114224970340729,
  "coverage@95": 0.9508547353744506,
  "z_mean": 0.09990891358349473,
  "z_std": 0.8286366593837738,
  "z_abs_mean": 0.5256002950668335,
  "NLL_mean": -1.7349620485305786,
  "mean_pred_var": 0.002731986208818853,
  "mean_residual_sq": 0.0026644381298683586,
  "z_noise_mean": null,
  "z_noise_std": null,
  "coverage_noise@68": null,
  "coverage_noise@95": null,
  "mean_emp_noise_var": null
}