{
  "avg_mse_full": 0.21645160094656127,
  "coverage@68": 0.527530223733247,
  "coverage@95": 0.8381362936713479,
  "z_mean": -0.012774019719647112,
  "z_std": 1.4045207006762725,
  "z_abs_mean": 1.1326732846221539,
  "NLL_mean": 0.6612498227864353,
  "mean_pred_var": 0.09130181695776757,
  "mean_residual_sq": 0.21149621663069484,
  "z_noise_mean": 0.0004157487316174089,
  "z_noise_std": 0.08411627466028387,
  "coverage_noise@68": 1.0,
  "coverage_noise@95": 1.0,
  "mean_emp_noise_var": 0.0004050627670067391
}