{
  "avg_mse_full": 8.376735240744893e-05,
  "coverage@68": 0.8597800409793854,
  "coverage@95": 0.9642100447416305,
  "z_mean": 0.14312952220439912,
  "z_std": 0.6830406513810158,
  "z_abs_mean": 0.4287630918622017,
  "NLL_mean": -4.728821785449981,
  "mean_pred_var": 5.7123983278870586e-05,
  "mean_residual_sq": 8.097346808426664e-05,
  "z_noise_mean": null,
  "z_noise_std": null,
  "coverage_noise@68": null,
  "coverage_noise@95": null,
  "mean_emp_noise_var": null
}