{
  "avg_mse_full": 0.0061578243086114525,
  "coverage@68": 0.8618167062600454,
  "coverage@95": 0.9611467130978902,
  "z_mean": 0.007017442375460329,
  "z_std": 0.7920190505186717,
  "z_abs_mean": 0.4234280389547348,
  "NLL_mean": -2.9581924200057985,
  "mean_pred_var": 0.0053913910252352554,
  "mean_residual_sq": 0.004986513881012797,
  "z_noise_mean": null,
  "z_noise_std": null,
  "coverage_noise@68": null,
  "coverage_noise@95": null,
  "mean_emp_noise_var": null
}