{
  "avg_mse_full": 0.12048052817583084,
  "coverage@68": 0.2802941220998764,
  "coverage@95": 0.4993137258291245,
  "z_mean": 0.09236991496640258,
  "z_std": 3.3461620378494263,
  "z_abs_mean": 2.666095434427261,
  "NLL_mean": 4.914052368700505,
  "mean_pred_var": 0.011123177912086248,
  "mean_residual_sq": 0.12161345545202494,
  "z_noise_mean": -0.00045793755329214035,
  "z_noise_std": 1.0094471514225005,
  "coverage_noise@68": 0.6857843112945556,
  "coverage_noise@95": 0.948823527097702,
  "mean_emp_noise_var": 0.010078396610915662
}