{
  "avg_mse_full": 0.006881431862711907,
  "coverage@68": 0.8087418576081594,
  "coverage@95": 0.9492974225680033,
  "z_mean": -0.13347474947571755,
  "z_std": 0.8769838078816732,
  "z_abs_mean": 0.6815765492121378,
  "NLL_mean": -3.6091412480672203,
  "mean_pred_var": 0.0010097429098095746,
  "mean_residual_sq": 0.0008625618776810976,
  "z_noise_mean": null,
  "z_noise_std": null,
  "coverage_noise@68": null,
  "coverage_noise@95": null,
  "mean_emp_noise_var": null
}