{
  "avg_mse_full": 0.002413526338059455,
  "coverage@68": 0.8330342125892639,
  "coverage@95": 0.9668742740154266,
  "z_mean": 0.056921042101457715,
  "z_std": 0.7493788361549377,
  "z_abs_mean": 0.4554315823316574,
  "NLL_mean": -1.7033517956733704,
  "mean_pred_var": 0.0032886351691558957,
  "mean_residual_sq": 0.0023241089866496622,
  "z_noise_mean": null,
  "z_noise_std": null,
  "coverage_noise@68": null,
  "coverage_noise@95": null,
  "mean_emp_noise_var": null
}