{
  "avg_mse_full": 0.004614408470224589,
  "coverage@68": 0.8627750402688981,
  "coverage@95": 0.9191200453042984,
  "z_mean": 0.6406351350154728,
  "z_std": 1.4257446807622909,
  "z_abs_mean": 0.833133193552494,
  "NLL_mean": 0.45900294616818427,
  "mean_pred_var": 0.0039271718822419645,
  "mean_residual_sq": 0.0039271993399597705,
  "z_noise_mean": null,
  "z_noise_std": null,
  "coverage_noise@68": null,
  "coverage_noise@95": null,
  "mean_emp_noise_var": null
}