{
  "avg_mse_full": 0.012224928342870303,
  "coverage@68": 0.7295357542378562,
  "coverage@95": 0.8612857588699886,
  "z_mean": 0.09094286923729149,
  "z_std": 1.573306292295456,
  "z_abs_mean": 0.9480676800012589,
  "NLL_mean": -2.187265374830791,
  "mean_pred_var": 0.002401188132353127,
  "mean_residual_sq": 0.011594791106680142,
  "z_noise_mean": null,
  "z_noise_std": null,
  "coverage_noise@68": null,
  "coverage_noise@95": null,
  "mean_emp_noise_var": null
}