{
  "avg_mse_full": 0.3245409178186436,
  "coverage@68": 0.20198079928451654,
  "coverage@95": 0.3740496325249575,
  "z_mean": -0.5505756362892535,
  "z_std": 5.400174919439822,
  "z_abs_mean": 4.184492276639355,
  "NLL_mean": 14.867719518895052,
  "mean_pred_var": 0.010281517360435456,
  "mean_residual_sq": 0.34001573935455204,
  "z_noise_mean": 0.010212949788368935,
  "z_noise_std": 1.0360058400095726,
  "coverage_noise@68": 0.6783713722715572,
  "coverage_noise@95": 0.9419768245852723,
  "mean_emp_noise_var": 0.010175724589855087
}