{
  "avg_mse_full": 0.027484098449349403,
  "coverage@68": 0.5947899862130483,
  "coverage@95": 0.8433573122819265,
  "z_mean": 0.1327278443154258,
  "z_std": 1.6664059404532114,
  "z_abs_mean": 1.0960275824864705,
  "NLL_mean": -1.8677500073611737,
  "mean_pred_var": 0.007550179393341144,
  "mean_residual_sq": 0.027888046642765403,
  "z_noise_mean": null,
  "z_noise_std": null,
  "coverage_noise@68": null,
  "coverage_noise@95": null,
  "mean_emp_noise_var": null
}