{
  "avg_mse_full": 0.013420237228274345,
  "coverage@68": 0.7032500207424164,
  "coverage@95": 0.8466250449419022,
  "z_mean": -0.002168191596865654,
  "z_std": 1.5073279738426208,
  "z_abs_mean": 0.8965078294277191,
  "NLL_mean": -2.350655972957611,
  "mean_pred_var": 0.003200091072358191,
  "mean_residual_sq": 0.013086181599646807,
  "z_noise_mean": null,
  "z_noise_std": null,
  "coverage_noise@68": null,
  "coverage_noise@95": null,
  "mean_emp_noise_var": null
}