{
  "avg_mse_full": 0.03745081352678185,
  "coverage@68": 0.7434974251961222,
  "coverage@95": 0.9325730472194905,
  "z_mean": 0.029053786588946775,
  "z_std": 0.9018723922116416,
  "z_abs_mean": 0.7381453885107624,
  "NLL_mean": -0.44911491452735297,
  "mean_pred_var": 0.03354960588776335,
  "mean_residual_sq": 0.028766125754206156,
  "z_noise_mean": 0.000746396228870643,
  "z_noise_std": 0.41329507925072495,
  "coverage_noise@68": 0.9632853439876011,
  "coverage_noise@95": 0.9979992058812356,
  "mean_emp_noise_var": 0.0025198025799983616
}