{
  "avg_mse_full": 0.04222164204230114,
  "coverage@68": 0.36279512789784646,
  "coverage@95": 0.5568727704943442,
  "z_mean": 0.095911068385657,
  "z_std": 6.928728045249472,
  "z_abs_mean": 4.375460551709545,
  "NLL_mean": 19.491548499282526,
  "mean_pred_var": 0.0004796829503457233,
  "mean_residual_sq": 0.039262245656276236,
  "z_noise_mean": null,
  "z_noise_std": null,
  "coverage_noise@68": null,
  "coverage_noise@95": null,
  "mean_emp_noise_var": null
}