{
  "avg_mse_full": 0.0008451875519791716,
  "coverage@68": 0.8507465563322368,
  "coverage@95": 0.978258634868421,
  "z_mean": 0.1255306658384047,
  "z_std": 0.7022293994301244,
  "z_abs_mean": 0.5269095850618262,
  "NLL_mean": -2.3266322236312065,
  "mean_pred_var": 0.0011021971708702807,
  "mean_residual_sq": 0.0008451875550427327,
  "z_noise_mean": null,
  "z_noise_std": null,
  "coverage_noise@68": null,
  "coverage_noise@95": null,
  "mean_emp_noise_var": null
}