{
  "lambda_true": [
    "(-0.01+2.0j)",
    "(-0.05+4.0j)",
    "(-0.2+1.0j)",
    "(-0.01+0.3j)"
  ],
  "mode_cosine_mean": 0.7089395523071289,
  "mode_cosines_each": [
    0.5894454121589661,
    0.8109222054481506,
    0.6280336976051331,
    0.8073567152023315
  ],
  "mode_perm_true_index_for_each_learned": [
    2,
    3,
    0,
    1
  ],
  "mode_phases_rad": [
    0.3786904811859131,
    2.4860646724700928,
    -2.3862428665161133,
    0.7336416840553284
  ],
  "lambda_enc_median": [
    "(-0.047319479286670685-6.741456031799316j)",
    "(-0.0015328999143093824-9.508560180664062j)",
    "(-0.023253070190548897+9.493135452270508j)",
    "(-0.14251232147216797-9.660210609436035j)"
  ],
  "lambda_enc_time_std": [
    4.944800853729248,
    7.780019283294678,
    5.3623948097229,
    7.987565040588379
  ],
  "lambda_from_phi": [
    "(0.04659748077392578+0.32116079330444336j)",
    "(-0.22050650417804718+1.037920355796814j)",
    "(-0.03353045880794525+2.751810073852539j)",
    "(-0.25379514694213867+0.876359224319458j)"
  ],
  "lambda_error_abs_enc_vs_true_each": [
    8.741535694568482,
    9.80856383521525,
    5.493200569362577,
    10.66036561618386
  ],
  "lambda_error_abs_enc_vs_true_mean": 8.675916428832542,
  "lambda_match_true_index_for_each_learned": [
    0,
    3,
    1,
    2
  ],
  "lambda_error_abs_enc_vs_true_each_mode_perm": [
    7.493147172579931,
    13.660523870766195,
    7.7429615027899565,
    9.80856383521525
  ],
  "lambda_error_abs_enc_vs_true_each_mode_perm_mean": 9.676299095337832,
  "lambda_error_abs_phi_vs_true_each": [
    0.06042395223111671,
    0.9848402053589157,
    1.2482985770732422,
    0.13483678743359467
  ],
  "lambda_error_abs_phi_vs_true_mean": 0.6070998805242174,
  "lambda_error_abs_phi_vs_true_each_mode_perm": [
    0.7521782166733311,
    3.1302818015973104,
    0.7222416396685387,
    0.7673587425712687
  ],
  "lambda_error_abs_phi_vs_true_each_mode_perm_mean": 1.3430151001276123,
  "mode_cosine_mean_phi": 0.3088790476322174,
  "mode_cosines_each_phi": [
    0.38066545128822327,
    0.20675280690193176,
    0.46451684832572937,
    0.18358111381530762
  ],
  "mode_perm_true_index_for_each_learned_phi": [
    3,
    0,
    1,
    2
  ],
  "mode_phases_rad_phi": [
    3.1195249557495117,
    -1.468599557876587,
    -2.5655136108398438,
    1.0274879932403564
  ],
  "lambda_enc_vs_phi_absdiff": [
    7.0632405281066895,
    10.54875373840332,
    6.741332530975342,
    10.53715705871582
  ],
  "A_offdiag_energy": 0.49020621180534363,
  "A_rel_err_to_ideal_diag": 1.083450198173523,
  "residual_ratio_median": 0.8170291185379028,
  "residual_ratio_p90": 0.9599482417106628
}