{
  "avg_mse_full": 0.04707295318359147,
  "coverage@68": 0.6831778833930124,
  "coverage@95": 0.7968960108372989,
  "z_mean": 0.07056195014500177,
  "z_std": 1.7615414577842559,
  "z_abs_mean": 1.137066174173515,
  "NLL_mean": -1.0639206060527155,
  "mean_pred_var": 0.007733554654323415,
  "mean_residual_sq": 0.05214683536827664,
  "z_noise_mean": null,
  "z_noise_std": null,
  "coverage_noise@68": null,
  "coverage_noise@95": null,
  "mean_emp_noise_var": null
}