{
  "avg_mse_full": 0.007302257930859923,
  "coverage@68": 0.7780249863862991,
  "coverage@95": 0.9263499826192856,
  "z_mean": -0.14910908415913582,
  "z_std": 1.022605150938034,
  "z_abs_mean": 0.6527034938335419,
  "NLL_mean": -2.902249336242676,
  "mean_pred_var": 0.0036782888928428292,
  "mean_residual_sq": 0.007302257930859923,
  "z_noise_mean": null,
  "z_noise_std": null,
  "coverage_noise@68": null,
  "coverage_noise@95": null,
  "mean_emp_noise_var": null
}