{
  "avg_mse_full": 0.02374443638005427,
  "coverage@68": 0.6498775798447278,
  "coverage@95": 0.7699388119639182,
  "z_mean": -0.0011712225149290599,
  "z_std": 3.5380604096821378,
  "z_abs_mean": 1.7287350467273168,
  "NLL_mean": 4.778603869547346,
  "mean_pred_var": 0.0034380237600405,
  "mean_residual_sq": 0.02377254372386604,
  "z_noise_mean": null,
  "z_noise_std": null,
  "coverage_noise@68": null,
  "coverage_noise@95": null,
  "mean_emp_noise_var": null
}