{
  "avg_mse_full": 0.5560661051802489,
  "coverage@68": 0.1871748733885434,
  "coverage@95": 0.3542416971556994,
  "z_mean": -0.22933357912210786,
  "z_std": 5.151679661809181,
  "z_abs_mean": 4.1369743249854265,
  "NLL_mean": 13.205132937552978,
  "mean_pred_var": 0.016650617065630396,
  "mean_residual_sq": 0.5536210421396761,
  "z_noise_mean": 0.009026982955758137,
  "z_noise_std": 0.9098351086888995,
  "coverage_noise@68": 0.7541016437569443,
  "coverage_noise@95": 0.961884750395405,
  "mean_emp_noise_var": 0.010175724219226715
}