{
  "avg_mse_full": 0.010350139963687683,
  "coverage@68": 0.6020719822572203,
  "coverage@95": 0.6992537245458487,
  "z_mean": -0.15575468916521998,
  "z_std": 3.1612236864712773,
  "z_abs_mean": 1.9588198369863081,
  "NLL_mean": 2.219219754545056,
  "mean_pred_var": 0.0007607494480907917,
  "mean_residual_sq": 0.010389220986363232,
  "z_noise_mean": null,
  "z_noise_std": null,
  "coverage_noise@68": null,
  "coverage_noise@95": null,
  "mean_emp_noise_var": null
}