{
  "avg_mse_full": 0.014673599491361529,
  "coverage@68": 0.618070031106472,
  "coverage@95": 0.7759600365161896,
  "z_mean": 0.9640927498787641,
  "z_std": 1.920216080546379,
  "z_abs_mean": 1.4643630370497704,
  "NLL_mean": 0.2305655935406685,
  "mean_pred_var": 0.007504181949188933,
  "mean_residual_sq": 0.013970778409857302,
  "z_noise_mean": null,
  "z_noise_std": null,
  "coverage_noise@68": null,
  "coverage_noise@95": null,
  "mean_emp_noise_var": null
}