{
  "avg_mse_full": 0.004367466988041997,
  "coverage@68": 0.7420391058921814,
  "coverage@95": 0.8971856248378753,
  "z_mean": 0.09538461041636764,
  "z_std": 1.1546914303302764,
  "z_abs_mean": 0.7062134462594986,
  "NLL_mean": -1.9394136661291121,
  "mean_pred_var": 0.0020203582127578555,
  "mean_residual_sq": 0.004322651089169085,
  "z_noise_mean": null,
  "z_noise_std": null,
  "coverage_noise@68": null,
  "coverage_noise@95": null,
  "mean_emp_noise_var": null
}