{
  "avg_mse_full": 0.07517779382820032,
  "coverage@68": 0.5727041047446582,
  "coverage@95": 0.633959215514514,
  "z_mean": -0.010458490982347605,
  "z_std": 5.953403346392573,
  "z_abs_mean": 3.1452777677652786,
  "NLL_mean": 14.321529874996264,
  "mean_pred_var": 0.003099216656683355,
  "mean_residual_sq": 0.08256998787425002,
  "z_noise_mean": null,
  "z_noise_std": null,
  "coverage_noise@68": null,
  "coverage_noise@95": null,
  "mean_emp_noise_var": null
}