{
  "avg_mse_full": 0.028517231411699737,
  "coverage@68": 0.6984047549111503,
  "coverage@95": 0.8278690363679614,
  "z_mean": 0.04266896950347083,
  "z_std": 1.5898282740797316,
  "z_abs_mean": 0.9671132883855275,
  "NLL_mean": -1.9090006308896201,
  "mean_pred_var": 0.008782480111611741,
  "mean_residual_sq": 0.029025950136461427,
  "z_noise_mean": null,
  "z_noise_std": null,
  "coverage_noise@68": null,
  "coverage_noise@95": null,
  "mean_emp_noise_var": null
}