{
  "avg_mse_full": 0.04520758815413835,
  "coverage@68": 0.6829490102067286,
  "coverage@95": 0.8363571848188128,
  "z_mean": 0.08948947776261033,
  "z_std": 1.7803318719474637,
  "z_abs_mean": 0.9111791630180515,
  "NLL_mean": -0.9121604794256237,
  "mean_pred_var": 0.024177034670601085,
  "mean_residual_sq": 0.04967917410694823,
  "z_noise_mean": null,
  "z_noise_std": null,
  "coverage_noise@68": null,
  "coverage_noise@95": null,
  "mean_emp_noise_var": null
}