{
  "avg_mse_full": 0.007052203176232676,
  "coverage@68": 0.7821583692232768,
  "coverage@95": 0.9391267104943594,
  "z_mean": 0.08893916142716383,
  "z_std": 0.9986640564600626,
  "z_abs_mean": 0.6670846710602443,
  "NLL_mean": -2.878437370111545,
  "mean_pred_var": 0.004226858451341589,
  "mean_residual_sq": 0.0061399748758412896,
  "z_noise_mean": null,
  "z_noise_std": null,
  "coverage_noise@68": null,
  "coverage_noise@95": null,
  "mean_emp_noise_var": null
}