{
  "avg_mse_full": 0.06378968137943623,
  "coverage@68": 0.5890102325653543,
  "coverage@95": 0.6566122745981022,
  "z_mean": 0.001693759835800346,
  "z_std": 5.3059868958531595,
  "z_abs_mean": 2.815694439167879,
  "NLL_mean": 12.28790972032109,
  "mean_pred_var": 0.003443281056967621,
  "mean_residual_sq": 0.07097914863415823,
  "z_noise_mean": null,
  "z_noise_std": null,
  "coverage_noise@68": null,
  "coverage_noise@95": null,
  "mean_emp_noise_var": null
}