{
  "avg_mse_full": 0.06531034571555805,
  "coverage@68": 0.3766506612300873,
  "coverage@95": 0.6511604615620205,
  "z_mean": -0.16019246149428037,
  "z_std": 2.3387786149978638,
  "z_abs_mean": 1.8613865436339865,
  "NLL_mean": 1.8167124786699305,
  "mean_pred_var": 0.013747841138772818,
  "mean_residual_sq": 0.07637178004548258,
  "z_noise_mean": 0.007383895876380254,
  "z_noise_std": 0.9312232611130695,
  "coverage_noise@68": 0.7286914781648286,
  "coverage_noise@95": 0.9596838707826576,
  "mean_emp_noise_var": 0.010175724219226715
}