{
  "avg_mse_full": 0.016844922629166013,
  "coverage@68": 0.4552278920095794,
  "coverage@95": 0.666567015404604,
  "z_mean": -0.18690184450575284,
  "z_std": 3.86710972688636,
  "z_abs_mean": 2.5144803536181546,
  "NLL_mean": 5.3860321044921875,
  "mean_pred_var": 0.00072747552458539,
  "mean_residual_sq": 0.01693910024870111,
  "z_noise_mean": null,
  "z_noise_std": null,
  "coverage_noise@68": null,
  "coverage_noise@95": null,
  "mean_emp_noise_var": null
}