{
  "avg_mse_full": 0.0012642594642545048,
  "coverage@68": 0.931287263569079,
  "coverage@95": 0.996826171875,
  "z_mean": -0.13589291117693247,
  "z_std": 0.48010492795392085,
  "z_abs_mean": 0.41395459128053563,
  "NLL_mean": -2.600182947359587,
  "mean_pred_var": 0.0008725177000374778,
  "mean_residual_sq": 0.0002517994212930238,
  "z_noise_mean": null,
  "z_noise_std": null,
  "coverage_noise@68": null,
  "coverage_noise@95": null,
  "mean_emp_noise_var": null
}