{
  "avg_mse_full": 0.014683607914485038,
  "coverage@68": 0.467000022996217,
  "coverage@95": 0.589950027987361,
  "z_mean": -0.16736526999622584,
  "z_std": 90.4828519821167,
  "z_abs_mean": 26.714407529830932,
  "NLL_mean": 4787.052904663086,
  "mean_pred_var": 1.9068496704903737e-05,
  "mean_residual_sq": 0.013891863387543708,
  "z_noise_mean": null,
  "z_noise_std": null,
  "coverage_noise@68": null,
  "coverage_noise@95": null,
  "mean_emp_noise_var": null
}