{
  "avg_mse_full": 0.005831910236738622,
  "coverage@68": 0.6941208970546723,
  "coverage@95": 0.8407692587375641,
  "z_mean": -0.15147821610793472,
  "z_std": 1.378060531616211,
  "z_abs_mean": 0.831676254272461,
  "NLL_mean": -1.0240242326259612,
  "mean_pred_var": 0.002840891149826348,
  "mean_residual_sq": 0.005842905947938562,
  "z_noise_mean": null,
  "z_noise_std": null,
  "coverage_noise@68": null,
  "coverage_noise@95": null,
  "mean_emp_noise_var": null
}