{
  "avg_mse_full": 0.467114834613496,
  "coverage@68": 0.394595367739899,
  "coverage@95": 0.6160925662878788,
  "z_mean": -0.24687789033421062,
  "z_std": 2.977908424355767,
  "z_abs_mean": 2.3074198130405312,
  "NLL_mean": 5.0480295013297685,
  "mean_pred_var": 0.05795411362943023,
  "mean_residual_sq": 0.477148484099995,
  "z_noise_mean": -0.002250073495264532,
  "z_noise_std": 0.6712747357710444,
  "coverage_noise@68": 0.8682577730429293,
  "coverage_noise@95": 0.9792110558712122,
  "mean_emp_noise_var": 0.0100034817658139
}