{
  "avg_mse_full": 0.014656094089150428,
  "coverage@68": 0.6442000389099121,
  "coverage@95": 0.7571000397205353,
  "z_mean": 0.09347089827060699,
  "z_std": 3.2460465312004088,
  "z_abs_mean": 1.7216418385505676,
  "NLL_mean": 2.3095476403832436,
  "mean_pred_var": 0.0031003198586404324,
  "mean_residual_sq": 0.01366615854203701,
  "z_noise_mean": null,
  "z_noise_std": null,
  "coverage_noise@68": null,
  "coverage_noise@95": null,
  "mean_emp_noise_var": null
}