{
  "avg_mse_full": 0.036027639220487705,
  "coverage@68": 0.7452981441604848,
  "coverage@95": 0.9344738089308446,
  "z_mean": 0.022345871398491517,
  "z_std": 0.893908905739687,
  "z_abs_mean": 0.7353053965738842,
  "NLL_mean": -0.44676210240898084,
  "mean_pred_var": 0.03411118017167461,
  "mean_residual_sq": 0.027433283973903377,
  "z_noise_mean": 0.000928617309427307,
  "z_noise_std": 0.4106223580180382,
  "coverage_noise@68": 0.9632853415547585,
  "coverage_noise@95": 0.9982993249990502,
  "mean_emp_noise_var": 0.0025198025799983616
}