{
  "avg_mse_full": 0.010255423355847598,
  "coverage@68": 0.6481372773647308,
  "coverage@95": 0.9301961135864257,
  "z_mean": 0.008409395886119456,
  "z_std": 1.0814180588722229,
  "z_abs_mean": 0.8658887529373169,
  "NLL_mean": -0.7930139231681824,
  "mean_pred_var": 0.010336237959563732,
  "mean_residual_sq": 0.011583530008792878,
  "z_noise_mean": -0.0007168644556077197,
  "z_noise_std": 1.0198960375785828,
  "coverage_noise@68": 0.6797059071063996,
  "coverage_noise@95": 0.9482353341579437,
  "mean_emp_noise_var": 0.010078396834433078
}