{
  "avg_mse_full": 0.013720636591315269,
  "coverage@68": 0.625023193359375,
  "coverage@95": 0.766243896484375,
  "z_mean": 0.8778421093989164,
  "z_std": 2.094354360103607,
  "z_abs_mean": 1.4412724113464355,
  "NLL_mean": 0.11040544867515564,
  "mean_pred_var": 0.001793989697471261,
  "mean_residual_sq": 0.013654967471957206,
  "z_noise_mean": null,
  "z_noise_std": null,
  "coverage_noise@68": null,
  "coverage_noise@95": null,
  "mean_emp_noise_var": null
}