{
  "avg_mse_full": 0.012033351059806975,
  "coverage@68": 0.8002672697368421,
  "coverage@95": 0.9563373766447368,
  "z_mean": -0.008738151775967134,
  "z_std": 0.824172390134711,
  "z_abs_mean": 0.47780017790041474,
  "NLL_mean": -1.5952891613307751,
  "mean_pred_var": 0.006597745183267091,
  "mean_residual_sq": 0.007602231577038765,
  "z_noise_mean": null,
  "z_noise_std": null,
  "coverage_noise@68": null,
  "coverage_noise@95": null,
  "mean_emp_noise_var": null
}