{
  "avg_mse_full": 0.41290576436689924,
  "coverage@68": 0.18817527668208492,
  "coverage@95": 0.35154062691999943,
  "z_mean": -0.5007710239222768,
  "z_std": 6.2365981559364165,
  "z_abs_mean": 4.714952347229938,
  "NLL_mean": 19.647364802506505,
  "mean_pred_var": 0.010223484617106768,
  "mean_residual_sq": 0.4161560730818583,
  "z_noise_mean": 0.008436829341119346,
  "z_noise_std": 1.0142108226309017,
  "coverage_noise@68": 0.6802721351993327,
  "coverage_noise@95": 0.950680310628852,
  "mean_emp_noise_var": 0.010175724589855087
}