{
  "avg_mse_full": 0.06973533115672823,
  "coverage@68": 0.39745898392735696,
  "coverage@95": 0.6835734321146595,
  "z_mean": -0.7966545440104543,
  "z_std": 1.9475134659786613,
  "z_abs_mean": 1.6533353073256356,
  "NLL_mean": 1.1979877786064634,
  "mean_pred_var": 0.019293868876233394,
  "mean_residual_sq": 0.08908203084553991,
  "z_noise_mean": 0.007979477797302284,
  "z_noise_std": 0.8150475852343501,
  "coverage_noise@68": 0.8003201338709617,
  "coverage_noise@95": 0.9789915875512727,
  "mean_emp_noise_var": 0.010175724219226715
}