{
  "avg_mse_full": 0.014673599337693305,
  "coverage@68": 0.3962250180914998,
  "coverage@95": 0.5167700232192874,
  "z_mean": 3.8059946501627566,
  "z_std": 89.42055519104004,
  "z_abs_mean": 26.953409214019775,
  "NLL_mean": 4659.659824829101,
  "mean_pred_var": 1.6874628640835e-05,
  "mean_residual_sq": 0.013970778181683272,
  "z_noise_mean": null,
  "z_noise_std": null,
  "coverage_noise@68": null,
  "coverage_noise@95": null,
  "mean_emp_noise_var": null
}