{
  "avg_mse_full": 0.06659502931395356,
  "coverage@68": 0.33283313470227377,
  "coverage@95": 0.5901360554354531,
  "z_mean": -0.49087800131160386,
  "z_std": 2.691485971820598,
  "z_abs_mean": 2.159234664878067,
  "NLL_mean": 2.831216710866714,
  "mean_pred_var": 0.010055345777726295,
  "mean_residual_sq": 0.07737555791985015,
  "z_noise_mean": 0.008654211700076655,
  "z_noise_std": 1.0642687276918061,
  "coverage_noise@68": 0.6663665455214831,
  "coverage_noise@95": 0.9347739061530755,
  "mean_emp_noise_var": 0.010175724219226715
}