{
  "avg_mse_full": 0.3729152460817737,
  "coverage@68": 0.2511388427681393,
  "coverage@95": 0.44221628088541703,
  "z_mean": -0.3058324027777123,
  "z_std": 3.874657755548304,
  "z_abs_mean": 3.1833034488889904,
  "NLL_mean": 7.705253478158453,
  "mean_pred_var": 0.01964995904703333,
  "mean_residual_sq": 0.3800538454505831,
  "z_noise_mean": null,
  "z_noise_std": null,
  "coverage_noise@68": null,
  "coverage_noise@95": null,
  "mean_emp_noise_var": null
}