{
  "avg_mse_full": 0.008051615776494145,
  "coverage@68": 0.6877228605747223,
  "coverage@95": 0.8295238363742828,
  "z_mean": -0.2154698342271149,
  "z_std": 1.544286824464798,
  "z_abs_mean": 0.9307686948776245,
  "NLL_mean": -1.2595166236162185,
  "mean_pred_var": 0.0018137100711464883,
  "mean_residual_sq": 0.007971049454063177,
  "z_noise_mean": null,
  "z_noise_std": null,
  "coverage_noise@68": null,
  "coverage_noise@95": null,
  "mean_emp_noise_var": null
}