{
  "avg_mse_full": 0.004182666316818522,
  "coverage@68": 0.7405746433199668,
  "coverage@95": 0.9078331249100822,
  "z_mean": 0.3791445642709732,
  "z_std": 1.0251887829936281,
  "z_abs_mean": 0.6303167355303861,
  "NLL_mean": -1.9461494805861492,
  "mean_pred_var": 0.0018534169636894853,
  "mean_residual_sq": 0.004128868197452049,
  "z_noise_mean": null,
  "z_noise_std": null,
  "coverage_noise@68": null,
  "coverage_noise@95": null,
  "mean_emp_noise_var": null
}