{
  "avg_mse_full": 0.01360137882642448,
  "coverage@68": 0.6084313690662384,
  "coverage@95": 0.9024509763717652,
  "z_mean": -0.021080512800253928,
  "z_std": 1.1900000607967376,
  "z_abs_mean": 0.9524659407138825,
  "NLL_mean": -0.6364372911304236,
  "mean_pred_var": 0.011266402238979935,
  "mean_residual_sq": 0.015617032293230295,
  "z_noise_mean": -0.003584222188219428,
  "z_noise_std": 1.0108881819248199,
  "coverage_noise@68": 0.6896078419685364,
  "coverage_noise@95": 0.94627450466156,
  "mean_emp_noise_var": 0.010078396610915662
}