{
  "avg_mse_full": 0.021080873049795626,
  "coverage@68": 0.58017822265625,
  "coverage@95": 0.686834716796875,
  "z_mean": 1.452209106683731,
  "z_std": 2.427869448661804,
  "z_abs_mean": 1.765258357524872,
  "NLL_mean": 1.5194534540176392,
  "mean_pred_var": 0.0016463218675926328,
  "mean_residual_sq": 0.02092199556529522,
  "z_noise_mean": null,
  "z_noise_std": null,
  "coverage_noise@68": null,
  "coverage_noise@95": null,
  "mean_emp_noise_var": null
}