{
  "avg_mse_full": 0.004606906374517296,
  "coverage@68": 0.8326429043497358,
  "coverage@95": 0.9537143366677421,
  "z_mean": -0.06871205012846206,
  "z_std": 0.8515696993895939,
  "z_abs_mean": 0.549502296107156,
  "NLL_mean": -3.250613672392709,
  "mean_pred_var": 0.0023611278239903705,
  "mean_residual_sq": 0.0030126560263202657,
  "z_noise_mean": null,
  "z_noise_std": null,
  "coverage_noise@68": null,
  "coverage_noise@95": null,
  "mean_emp_noise_var": null
}