{
  "avg_mse_full": 0.016035390552133322,
  "coverage@68": 0.6368082214374932,
  "coverage@95": 0.7617739670130671,
  "z_mean": 0.14804839160369368,
  "z_std": 2.1300010827122904,
  "z_abs_mean": 1.355682066508702,
  "NLL_mean": 0.4429007413588008,
  "mean_pred_var": 0.002918811158600206,
  "mean_residual_sq": 0.01598077208963128,
  "z_noise_mean": null,
  "z_noise_std": null,
  "coverage_noise@68": null,
  "coverage_noise@95": null,
  "mean_emp_noise_var": null
}