{
  "avg_mse_full": 0.002881654758790606,
  "coverage@68": 0.6528962787828947,
  "coverage@95": 0.7882401315789473,
  "z_mean": 0.05167778297082374,
  "z_std": 1.6229086894738047,
  "z_abs_mean": 1.0893871846951937,
  "NLL_mean": -1.4824101211209046,
  "mean_pred_var": 0.0006113087200853778,
  "mean_residual_sq": 0.002072416815759712,
  "z_noise_mean": null,
  "z_noise_std": null,
  "coverage_noise@68": null,
  "coverage_noise@95": null,
  "mean_emp_noise_var": null
}