{
  "avg_mse_full": 0.007609534626826644,
  "coverage@68": 0.8679050409793854,
  "coverage@95": 0.9285800421237945,
  "z_mean": 0.6164370632881764,
  "z_std": 1.423828911781311,
  "z_abs_mean": 0.8098228120803833,
  "NLL_mean": 0.711934955175966,
  "mean_pred_var": 0.005636097349924967,
  "mean_residual_sq": 0.00682758393813856,
  "z_noise_mean": null,
  "z_noise_std": null,
  "coverage_noise@68": null,
  "coverage_noise@95": null,
  "mean_emp_noise_var": null
}