{
  "avg_mse_full": 0.21501877820309329,
  "coverage@68": 0.24499800284298098,
  "coverage@95": 0.44387755193272416,
  "z_mean": -0.2202548125036517,
  "z_std": 3.869788327995612,
  "z_abs_mean": 3.117054177790272,
  "NLL_mean": 7.563499739887763,
  "mean_pred_var": 0.011419597585514491,
  "mean_residual_sq": 0.22488476294187867,
  "z_noise_mean": 0.008049932555580626,
  "z_noise_std": 1.0114766371493438,
  "coverage_noise@68": 0.6881752695356097,
  "coverage_noise@95": 0.9447779095902735,
  "mean_emp_noise_var": 0.010175724219226715
}