{
  "avg_mse_full": 0.0032183052259212247,
  "coverage@68": 0.7601036392912572,
  "coverage@95": 0.9161546157330883,
  "z_mean": 0.29924449860593494,
  "z_std": 0.9895631184383314,
  "z_abs_mean": 0.6387302182158645,
  "NLL_mean": -1.7077883092724546,
  "mean_pred_var": 0.002012494851702026,
  "mean_residual_sq": 0.003225646787132992,
  "z_noise_mean": null,
  "z_noise_std": null,
  "coverage_noise@68": null,
  "coverage_noise@95": null,
  "mean_emp_noise_var": null
}