{
  "avg_mse_full": 0.03525213081845824,
  "coverage@68": 0.7476326908384051,
  "coverage@95": 0.8877449400570928,
  "z_mean": -0.052453370489256114,
  "z_std": 1.329905523329365,
  "z_abs_mean": 0.7895817890459177,
  "NLL_mean": -1.7466539375636043,
  "mean_pred_var": 0.010894542921106426,
  "mean_residual_sq": 0.03316025821758168,
  "z_noise_mean": null,
  "z_noise_std": null,
  "coverage_noise@68": null,
  "coverage_noise@95": null,
  "mean_emp_noise_var": null
}