{
  "avg_mse_full": 0.06547784850913652,
  "coverage@68": 0.5989285962922233,
  "coverage@95": 0.6825510543219897,
  "z_mean": -0.030061303352823063,
  "z_std": 4.664070024782298,
  "z_abs_mean": 2.496290563320627,
  "NLL_mean": 9.886230968623137,
  "mean_pred_var": 0.003451841987897547,
  "mean_residual_sq": 0.07294452289233402,
  "z_noise_mean": null,
  "z_noise_std": null,
  "coverage_noise@68": null,
  "coverage_noise@95": null,
  "mean_emp_noise_var": null
}