{
  "avg_mse_full": 0.008996586997195013,
  "coverage@68": 0.7473571726254055,
  "coverage@95": 0.8883928997176034,
  "z_mean": -0.1224572119702186,
  "z_std": 1.3207554178578513,
  "z_abs_mean": 0.8116371078150613,
  "NLL_mean": -2.642540693283081,
  "mean_pred_var": 0.00255432167822229,
  "mean_residual_sq": 0.008007091353647411,
  "z_noise_mean": null,
  "z_noise_std": null,
  "coverage_noise@68": null,
  "coverage_noise@95": null,
  "mean_emp_noise_var": null
}