{
  "avg_mse_full": 0.0024135263659991325,
  "coverage@68": 0.8330342125892639,
  "coverage@95": 0.9668742740154266,
  "z_mean": 0.05692099311389029,
  "z_std": 0.7493788456916809,
  "z_abs_mean": 0.45543158173561094,
  "NLL_mean": -1.7033518028259278,
  "mean_pred_var": 0.0032886351458728314,
  "mean_residual_sq": 0.002324108979664743,
  "z_noise_mean": null,
  "z_noise_std": null,
  "coverage_noise@68": null,
  "coverage_noise@95": null,
  "mean_emp_noise_var": null
}