{
  "avg_mse_full": 0.004115488983225077,
  "coverage@68": 0.7220848822593688,
  "coverage@95": 0.876013457775116,
  "z_mean": -0.037097479905933144,
  "z_std": 1.2512400543689728,
  "z_abs_mean": 0.7218398463726043,
  "NLL_mean": -1.5257462215423585,
  "mean_pred_var": 0.001832448507193476,
  "mean_residual_sq": 0.004080677554011345,
  "z_noise_mean": null,
  "z_noise_std": null,
  "coverage_noise@68": null,
  "coverage_noise@95": null,
  "mean_emp_noise_var": null
}