{
  "lambda_true": [
    "(-0.01+2.0j)",
    "(-0.05+4.0j)",
    "(-0.2+1.0j)",
    "(-0.01+0.3j)"
  ],
  "mode_cosine_mean": 0.5521700978279114,
  "mode_cosines_each": [
    0.4589883089065552,
    0.7994534373283386,
    0.7232977747917175,
    0.2269407957792282
  ],
  "mode_perm_true_index_for_each_learned": [
    2,
    0,
    1,
    3
  ],
  "mode_phases_rad": [
    0.5813535451889038,
    -1.9162148237228394,
    -3.097085475921631,
    0.7675707340240479
  ],
  "lambda_enc_median": [
    "(-0.8932562470436096-0.9098951816558838j)",
    "(-0.6733005046844482-4.306247234344482j)",
    "(-0.702783465385437+1.6147392988204956j)",
    "(-0.8284671902656555-1.2306917905807495j)"
  ],
  "lambda_enc_time_std": [
    0.4320427477359772,
    0.2982417047023773,
    0.20877207815647125,
    1.4003463983535767
  ],
  "lambda_from_phi": [
    "(-0.21065400540828705-8.965478897094727j)",
    "(-0.04674584046006203+2.1325244903564453j)",
    "(-0.02526378072798252+2.05366587638855j)",
    "(0.17891770601272583+3.610612392425537j)"
  ],
  "lambda_error_abs_enc_vs_true_each": [
    3.0409918720979325,
    4.653759893185383,
    2.4729728800114166,
    2.3175324968174142
  ],
  "lambda_error_abs_enc_vs_true_mean": 3.1213142855280367,
  "lambda_match_true_index_for_each_learned": [
    0,
    3,
    1,
    2
  ],
  "lambda_error_abs_phi_vs_true_each": [
    9.267651332586597,
    1.1428466908003974,
    0.05579434819641716,
    0.45169240093086876
  ],
  "lambda_error_abs_phi_vs_true_mean": 2.72949619312857,
  "lambda_enc_vs_phi_absdiff": [
    8.084453582763672,
    6.469184875488281,
    0.8072729110717773,
    4.945002555847168
  ],
  "A_offdiag_energy": 0.23612694442272186,
  "A_rel_err_to_ideal_diag": 0.5331886410713196,
  "residual_ratio_median": 0.5769997835159302,
  "residual_ratio_p90": 0.9968491196632385
}