{
  "avg_mse_full": 0.04678466832455324,
  "coverage@68": 0.7601173824193527,
  "coverage@95": 0.9215918828030022,
  "z_mean": -0.03776091406578008,
  "z_std": 1.0209013649395533,
  "z_abs_mean": 0.6346095995027192,
  "NLL_mean": -1.6309500543438658,
  "mean_pred_var": 0.029574821722142552,
  "mean_residual_sq": 0.04851348424444393,
  "z_noise_mean": null,
  "z_noise_std": null,
  "coverage_noise@68": null,
  "coverage_noise@95": null,
  "mean_emp_noise_var": null
}