{
  "avg_mse_full": 0.04074983184739035,
  "coverage@68": 0.35794318999562946,
  "coverage@95": 0.6291516824644439,
  "z_mean": -0.7459520921111107,
  "z_std": 2.3574890263226567,
  "z_abs_mean": 1.9260900361197335,
  "NLL_mean": 1.738899053055413,
  "mean_pred_var": 0.007865109870552408,
  "mean_residual_sq": 0.04689511641555903,
  "z_noise_mean": 0.008473574388202051,
  "z_noise_std": 1.190401028613655,
  "coverage_noise@68": 0.6105442381635005,
  "coverage_noise@95": 0.9057623379084528,
  "mean_emp_noise_var": 0.010175724589855087
}