{
  "avg_mse_full": 0.3305936251953244,
  "coverage@68": 0.22686274722218513,
  "coverage@95": 0.4080392199754715,
  "z_mean": 0.10708450566511601,
  "z_std": 5.340046412944794,
  "z_abs_mean": 4.153590638637542,
  "NLL_mean": 15.508661270588636,
  "mean_pred_var": 0.010931491740047932,
  "mean_residual_sq": 0.3391830277070403,
  "z_noise_mean": -0.0035743416737113874,
  "z_noise_std": 1.0134365463256836,
  "coverage_noise@68": 0.6850980377197265,
  "coverage_noise@95": 0.9477450978755951,
  "mean_emp_noise_var": 0.010078396610915662
}