{
  "avg_mse_full": 0.029549004500731824,
  "coverage@68": 0.47941176414489745,
  "coverage@95": 0.7707843160629273,
  "z_mean": 0.10198803785257042,
  "z_std": 1.6690270602703094,
  "z_abs_mean": 1.3410570108890534,
  "NLL_mean": 0.1638507777452469,
  "mean_pred_var": 0.010605489322915673,
  "mean_residual_sq": 0.03257878795266152,
  "z_noise_mean": -0.0008949617482721805,
  "z_noise_std": 1.0093045139312744,
  "coverage_noise@68": 0.6827450931072235,
  "coverage_noise@95": 0.9502941071987152,
  "mean_emp_noise_var": 0.010078396610915662
}