{
  "avg_mse_full": 0.038489407106923564,
  "coverage@68": 0.486609987616539,
  "coverage@95": 0.7007826483249664,
  "z_mean": -0.29026727249341394,
  "z_std": 2.7942847339312236,
  "z_abs_mean": 1.705373999675115,
  "NLL_mean": 0.7713074476923794,
  "mean_pred_var": 0.003949258583597839,
  "mean_residual_sq": 0.03901483294709275,
  "z_noise_mean": null,
  "z_noise_std": null,
  "coverage_noise@68": null,
  "coverage_noise@95": null,
  "mean_emp_noise_var": null
}