{
  "avg_mse_full": 0.02237932022816191,
  "coverage@68": 0.8130133716265361,
  "coverage@95": 0.9429933762550354,
  "z_mean": 0.05523945924864771,
  "z_std": 0.8290713749329249,
  "z_abs_mean": 0.4779900338252385,
  "NLL_mean": -2.325141240755717,
  "mean_pred_var": 0.02325453718503316,
  "mean_residual_sq": 0.024141294221626596,
  "z_noise_mean": null,
  "z_noise_std": null,
  "coverage_noise@68": null,
  "coverage_noise@95": null,
  "mean_emp_noise_var": null
}