{
  "avg_mse_full": 0.011253089278138109,
  "coverage@68": 0.7316786008221763,
  "coverage@95": 0.8710357546806335,
  "z_mean": 0.0658458610996604,
  "z_std": 1.4182647934981756,
  "z_abs_mean": 0.8678174785205296,
  "NLL_mean": -2.567653400557382,
  "mean_pred_var": 0.0021907237990360174,
  "mean_residual_sq": 0.009961378968520356,
  "z_noise_mean": null,
  "z_noise_std": null,
  "coverage_noise@68": null,
  "coverage_noise@95": null,
  "mean_emp_noise_var": null
}