{
  "avg_mse_full": 0.005986894969828427,
  "coverage@68": 0.7609899878501892,
  "coverage@95": 0.8986199855804443,
  "z_mean": 0.07146516842767596,
  "z_std": 2.710057234764099,
  "z_abs_mean": 0.8974661111831665,
  "NLL_mean": 0.13204104276373982,
  "mean_pred_var": 0.002548550465144217,
  "mean_residual_sq": 0.005986894969828427,
  "z_noise_mean": null,
  "z_noise_std": null,
  "coverage_noise@68": null,
  "coverage_noise@95": null,
  "mean_emp_noise_var": null
}