{
  "avg_mse_full": 0.1864685421395633,
  "coverage@68": 0.5091589725378788,
  "coverage@95": 0.7349964488636364,
  "z_mean": -0.30182153391981065,
  "z_std": 2.3042699796984896,
  "z_abs_mean": 1.766298907573777,
  "NLL_mean": 3.878239849168393,
  "mean_pred_var": 0.06156262383805682,
  "mean_residual_sq": 0.1965989630970389,
  "z_noise_mean": -0.002978406651321836,
  "z_noise_std": 0.7859777404804422,
  "coverage_noise@68": 0.8227785669191919,
  "coverage_noise@95": 0.96371429135101,
  "mean_emp_noise_var": 0.0100034817658139
}