{
  "avg_mse_full": 0.03209476873589059,
  "coverage@68": 0.7551367016633351,
  "coverage@95": 0.9345767100652059,
  "z_mean": -0.19604895279121895,
  "z_std": 0.940821582476298,
  "z_abs_mean": 0.6328308884302775,
  "NLL_mean": -1.7136430716514588,
  "mean_pred_var": 0.02884981032460928,
  "mean_residual_sq": 0.03305872928040723,
  "z_noise_mean": null,
  "z_noise_std": null,
  "coverage_noise@68": null,
  "coverage_noise@95": null,
  "mean_emp_noise_var": null
}