{
  "avg_mse_full": 0.00028782615883851816,
  "coverage@68": 0.9367290296052632,
  "coverage@95": 0.9710372121710527,
  "z_mean": 0.05599806864598864,
  "z_std": 0.6102645444242578,
  "z_abs_mean": 0.4417349515776885,
  "NLL_mean": -3.20208646121778,
  "mean_pred_var": 0.00011252433116743832,
  "mean_residual_sq": 0.00019814906059572852,
  "z_noise_mean": null,
  "z_noise_std": null,
  "coverage_noise@68": null,
  "coverage_noise@95": null,
  "mean_emp_noise_var": null
}