{
  "avg_mse_full": 0.044334636506985645,
  "coverage@68": 0.7957183153045421,
  "coverage@95": 0.9704882186286303,
  "z_mean": 0.11524206464539985,
  "z_std": 0.8262202088930168,
  "z_abs_mean": 0.6586398944562796,
  "NLL_mean": -0.14510597128292477,
  "mean_pred_var": 0.08258818401669969,
  "mean_residual_sq": 0.0402742045342314,
  "z_noise_mean": null,
  "z_noise_std": null,
  "coverage_noise@68": null,
  "coverage_noise@95": null,
  "mean_emp_noise_var": null
}