{
  "avg_mse_full": 0.010324978302898151,
  "coverage@68": 0.7220888612221699,
  "coverage@95": 0.9607843562048308,
  "z_mean": 0.044356097343700884,
  "z_std": 0.9227478090597658,
  "z_abs_mean": 0.7491151690483093,
  "NLL_mean": -0.7112743027356206,
  "mean_pred_var": 0.01721579361022735,
  "mean_residual_sq": 0.013411495397437592,
  "z_noise_mean": null,
  "z_noise_std": null,
  "coverage_noise@68": null,
  "coverage_noise@95": null,
  "mean_emp_noise_var": null
}