{
  "lambda_true": [
    "(-0.01+2.0j)",
    "(-0.05+4.0j)",
    "(-0.2+1.0j)",
    "(-0.01+0.3j)"
  ],
  "mode_cosine_mean": 0.7089395523071289,
  "mode_cosines_each": [
    0.5894454121589661,
    0.8109222054481506,
    0.6280336976051331,
    0.8073567152023315
  ],
  "mode_perm_true_index_for_each_learned": [
    2,
    3,
    0,
    1
  ],
  "mode_phases_rad": [
    0.3786904811859131,
    2.4860646724700928,
    -2.386242628097534,
    0.7336418032646179
  ],
  "lambda_enc_median": [
    "(-0.02853148989379406-7.823664665222168j)",
    "(-0.0015572885749861598-9.547966003417969j)",
    "(-0.022285375744104385-4.872069358825684j)",
    "(-0.14068904519081116-9.770265579223633j)"
  ],
  "lambda_enc_time_std": [
    5.222527027130127,
    7.553205490112305,
    5.686334609985352,
    7.706431865692139
  ],
  "lambda_from_phi": [
    "(0.046595096588134766+0.3211604356765747j)",
    "(-0.2205055058002472+1.037918210029602j)",
    "(-0.033531613647937775+2.751810312271118j)",
    "(-0.2537938356399536+0.8763598203659058j)"
  ],
  "lambda_error_abs_enc_vs_true_each": [
    11.823684155649177,
    9.847969622407062,
    6.872080340258545,
    10.770428888227698
  ],
  "lambda_error_abs_enc_vs_true_mean": 9.828540751635622,
  "lambda_match_true_index_for_each_learned": [
    1,
    3,
    0,
    2
  ],
  "lambda_error_abs_phi_vs_true_each": [
    0.060421593787674616,
    0.9848420881363991,
    1.248298323439459,
    0.13483571771904296
  ],
  "lambda_error_abs_phi_vs_true_mean": 0.6070994307706439,
  "lambda_enc_vs_phi_absdiff": [
    8.145171165466309,
    10.58814811706543,
    7.623887538909912,
    10.647225379943848
  ],
  "A_offdiag_energy": 0.49020621180534363,
  "A_rel_err_to_ideal_diag": 1.1305700540542603,
  "residual_ratio_median": 0.854494571685791,
  "residual_ratio_p90": 1.1487147808074951
}