{
  "avg_mse_full": 0.0027386642308259495,
  "coverage@68": 0.7784848675435904,
  "coverage@95": 0.9352682780246345,
  "z_mean": -0.0027736802073136183,
  "z_std": 0.9247924466522373,
  "z_abs_mean": 0.5926842592200454,
  "NLL_mean": -1.6408159538191192,
  "mean_pred_var": 0.002722377242634491,
  "mean_residual_sq": 0.002761518539936871,
  "z_noise_mean": null,
  "z_noise_std": null,
  "coverage_noise@68": null,
  "coverage_noise@95": null,
  "mean_emp_noise_var": null
}