{
  "avg_mse_full": 1.9181132459518861,
  "coverage@68": 0.11614646253233053,
  "coverage@95": 0.22268908212379535,
  "z_mean": 0.30324821105721045,
  "z_std": 6.633814999035427,
  "z_abs_mean": 5.697588599458033,
  "NLL_mean": 23.57031143928061,
  "mean_pred_var": 0.03797916877938776,
  "mean_residual_sq": 1.9712640138304964,
  "z_noise_mean": 0.007859458695450912,
  "z_noise_std": 0.7777124314892049,
  "coverage_noise@68": 0.8520408503863276,
  "coverage_noise@95": 0.9701881141078715,
  "mean_emp_noise_var": 0.010175724589855087
}