{
  "avg_mse_full": 0.041811893326230344,
  "coverage@68": 0.6457033658027649,
  "coverage@95": 0.7624033705393474,
  "z_mean": 0.04248527564709851,
  "z_std": 2.1983627434571584,
  "z_abs_mean": 1.2584665848811467,
  "NLL_mean": -0.6512569070855776,
  "mean_pred_var": 0.005682322199766834,
  "mean_residual_sq": 0.04543340551046034,
  "z_noise_mean": null,
  "z_noise_std": null,
  "coverage_noise@68": null,
  "coverage_noise@95": null,
  "mean_emp_noise_var": null
}