{
  "avg_mse_full": 0.03785098233849418,
  "coverage@68": 0.7547755460349881,
  "coverage@95": 0.9005102503056429,
  "z_mean": 0.017896610075825135,
  "z_std": 1.1843366635089019,
  "z_abs_mean": 0.660842512335096,
  "NLL_mean": -2.2461500630086784,
  "mean_pred_var": 0.016642306418139106,
  "mean_residual_sq": 0.03931605302709706,
  "z_noise_mean": null,
  "z_noise_std": null,
  "coverage_noise@68": null,
  "coverage_noise@95": null,
  "mean_emp_noise_var": null
}