{
  "avg_mse_full": 0.017690719818050156,
  "coverage@68": 0.7153418672328092,
  "coverage@95": 0.8605408559040147,
  "z_mean": 0.007763858733485496,
  "z_std": 1.5551455945384747,
  "z_abs_mean": 0.9341228774615696,
  "NLL_mean": -2.0550042450884165,
  "mean_pred_var": 0.004533156937900551,
  "mean_residual_sq": 0.016646821755079592,
  "z_noise_mean": null,
  "z_noise_std": null,
  "coverage_noise@68": null,
  "coverage_noise@95": null,
  "mean_emp_noise_var": null
}