{
  "avg_mse_full": 0.04663136124610901,
  "coverage@68": 0.7627451258897782,
  "coverage@95": 0.969411791563034,
  "z_mean": 0.09593395723903086,
  "z_std": 0.8535270041227341,
  "z_abs_mean": 0.6938336992263794,
  "NLL_mean": -0.13436715329997242,
  "mean_pred_var": 0.08868604369461536,
  "mean_residual_sq": 0.047806719318032265,
  "z_noise_mean": 0.0005280786741059273,
  "z_noise_std": 0.5554206985235214,
  "coverage_noise@68": 0.9251961123943329,
  "coverage_noise@95": 0.9908823728561401,
  "mean_emp_noise_var": 0.010078396834433078
}