{
  "avg_mse_full": 0.00914978826418519,
  "coverage@68": 0.4464102734625339,
  "coverage@95": 0.7657021045684814,
  "z_mean": -0.1725398239120841,
  "z_std": 2.504310430288315,
  "z_abs_mean": 1.811500084400177,
  "NLL_mean": 1.3026414001733064,
  "mean_pred_var": 0.0009359163895715028,
  "mean_residual_sq": 0.009135694310534745,
  "z_noise_mean": null,
  "z_noise_std": null,
  "coverage_noise@68": null,
  "coverage_noise@95": null,
  "mean_emp_noise_var": null
}