{
  "avg_mse_full": 0.026453370884136886,
  "coverage@68": 0.309723898768425,
  "coverage@95": 0.5114045774146002,
  "z_mean": -0.8058096494677723,
  "z_std": 4.308513250886177,
  "z_abs_mean": 3.722910527063876,
  "NLL_mean": 23.331896466640185,
  "mean_pred_var": 0.003904916852717383,
  "mean_residual_sq": 0.018702569997356255,
  "z_noise_mean": 0.006226399905114833,
  "z_noise_std": 0.8549968794900544,
  "coverage_noise@68": 0.83763508346616,
  "coverage_noise@95": 0.9447779339186999,
  "mean_emp_noise_var": 0.00040316840868956426
}