{
  "avg_mse_full": 0.009435427957214415,
  "coverage@68": 0.7794874757528305,
  "coverage@95": 0.9060124754905701,
  "z_mean": -0.005270462715998292,
  "z_std": 1.1410330832004547,
  "z_abs_mean": 0.6722345501184464,
  "NLL_mean": -2.73842191696167,
  "mean_pred_var": 0.0037911664112471044,
  "mean_residual_sq": 0.009435427957214415,
  "z_noise_mean": null,
  "z_noise_std": null,
  "coverage_noise@68": null,
  "coverage_noise@95": null,
  "mean_emp_noise_var": null
}