{
  "avg_mse_full": 0.005577566493302584,
  "coverage@68": 0.7015781712532043,
  "coverage@95": 0.8465598595142364,
  "z_mean": 0.05515001413761638,
  "z_std": 1.4064266395568847,
  "z_abs_mean": 0.8175389409065247,
  "NLL_mean": -1.1717184209823608,
  "mean_pred_var": 0.0023538718605414033,
  "mean_residual_sq": 0.005595588628202677,
  "z_noise_mean": null,
  "z_noise_std": null,
  "coverage_noise@68": null,
  "coverage_noise@95": null,
  "mean_emp_noise_var": null
}