{
  "avg_mse_full": 0.006263284287415445,
  "coverage@68": 0.6986150348186493,
  "coverage@95": 0.8480600425601006,
  "z_mean": -0.23482436971273274,
  "z_std": 1.6818959987163544,
  "z_abs_mean": 1.1999645575881004,
  "NLL_mean": -1.3190419657342136,
  "mean_pred_var": 0.002321668640943244,
  "mean_residual_sq": 0.005132971659186296,
  "z_noise_mean": null,
  "z_noise_std": null,
  "coverage_noise@68": null,
  "coverage_noise@95": null,
  "mean_emp_noise_var": null
}