{
  "avg_mse_full": 0.0027277985259852545,
  "coverage@68": 0.782496724809919,
  "coverage@95": 0.9350533594890517,
  "z_mean": 0.06919712189356891,
  "z_std": 0.9319877600183293,
  "z_abs_mean": 0.5414072056205905,
  "NLL_mean": -1.7586525411021954,
  "mean_pred_var": 0.0022898587607303443,
  "mean_residual_sq": 0.002772438691510838,
  "z_noise_mean": null,
  "z_noise_std": null,
  "coverage_noise@68": null,
  "coverage_noise@95": null,
  "mean_emp_noise_var": null
}