{
  "avg_mse_full": 0.007504543113155347,
  "coverage@68": 0.8674899399882615,
  "coverage@95": 0.9282475168054755,
  "z_mean": 0.6224993135370879,
  "z_std": 1.429081402342729,
  "z_abs_mean": 0.8123924828538991,
  "NLL_mean": 0.7522215647152578,
  "mean_pred_var": 0.0055650879224442475,
  "mean_residual_sq": 0.006721858319713537,
  "z_noise_mean": null,
  "z_noise_std": null,
  "coverage_noise@68": null,
  "coverage_noise@95": null,
  "mean_emp_noise_var": null
}