{
  "avg_mse_full": 0.012796275811840077,
  "coverage@68": 0.6061149945064467,
  "coverage@95": 0.7353604654876553,
  "z_mean": -0.24526781436740136,
  "z_std": 2.3720028497734846,
  "z_abs_mean": 1.521157945905413,
  "NLL_mean": 0.7671868336976183,
  "mean_pred_var": 0.00200208061735849,
  "mean_residual_sq": 0.012658208955497461,
  "z_noise_mean": null,
  "z_noise_std": null,
  "coverage_noise@68": null,
  "coverage_noise@95": null,
  "mean_emp_noise_var": null
}