{
  "avg_mse_full": 0.011335049234330654,
  "coverage@68": 0.6560784298181533,
  "coverage@95": 0.9330392146110534,
  "z_mean": 0.013549142815172673,
  "z_std": 1.0718155956268312,
  "z_abs_mean": 0.8569274199008942,
  "NLL_mean": -0.756729536652565,
  "mean_pred_var": 0.011755436221137642,
  "mean_residual_sq": 0.012008810862898827,
  "z_noise_mean": -8.76330817118287e-05,
  "z_noise_std": 0.9928243315219879,
  "coverage_noise@68": 0.6952941191196441,
  "coverage_noise@95": 0.9511764693260193,
  "mean_emp_noise_var": 0.010078396610915662
}