{
  "avg_mse_full": 0.006750146434923647,
  "coverage@68": 0.8191913134299669,
  "coverage@95": 0.9608993730289024,
  "z_mean": 0.09850391307720702,
  "z_std": 0.7975534694706834,
  "z_abs_mean": 0.5454629362629564,
  "NLL_mean": -2.6697403888574383,
  "mean_pred_var": 0.007683831642088074,
  "mean_residual_sq": 0.005945309028560733,
  "z_noise_mean": null,
  "z_noise_std": null,
  "coverage_noise@68": null,
  "coverage_noise@95": null,
  "mean_emp_noise_var": null
}