{
  "avg_mse_full": 0.01555158237793616,
  "coverage@68": 0.713178596326283,
  "coverage@95": 0.840535751410893,
  "z_mean": -0.055697892393384664,
  "z_std": 1.7133501725537437,
  "z_abs_mean": 1.022827269775527,
  "NLL_mean": -1.9441712924412318,
  "mean_pred_var": 0.002368178268495415,
  "mean_residual_sq": 0.01539674646586978,
  "z_noise_mean": null,
  "z_noise_std": null,
  "coverage_noise@68": null,
  "coverage_noise@95": null,
  "mean_emp_noise_var": null
}