{
  "avg_mse_full": 0.0655539912557361,
  "coverage@68": 0.46910281125644243,
  "coverage@95": 0.7342048197081594,
  "z_mean": 0.07384358560007931,
  "z_std": 1.902542860218973,
  "z_abs_mean": 1.5454681052101984,
  "NLL_mean": 1.435130712945447,
  "mean_pred_var": 0.02899346227823484,
  "mean_residual_sq": 0.07086923321464447,
  "z_noise_mean": 0.00030471739092267897,
  "z_noise_std": 0.8588257278456832,
  "coverage_noise@68": 0.7942662199940345,
  "coverage_noise@95": 0.954694025444262,
  "mean_emp_noise_var": 0.010126569181342016
}