{
  "avg_mse_full": 0.006849914223421365,
  "coverage@68": 0.6602226495742798,
  "coverage@95": 0.8757919796307881,
  "z_mean": -0.19487191157764755,
  "z_std": 1.8389310828844707,
  "z_abs_mean": 0.931346097389857,
  "NLL_mean": -1.555472700794538,
  "mean_pred_var": 0.004023788895768424,
  "mean_residual_sq": 0.006718614183676739,
  "z_noise_mean": null,
  "z_noise_std": null,
  "coverage_noise@68": null,
  "coverage_noise@95": null,
  "mean_emp_noise_var": null
}