{
  "avg_mse_full": 0.6862432754745609,
  "coverage@68": 0.43008256434021813,
  "coverage@95": 0.48581011706080873,
  "z_mean": 7.5557199082778475,
  "z_std": 22.468373035717953,
  "z_abs_mean": 18.879962538614084,
  "NLL_mean": 1109.1986696657382,
  "mean_pred_var": 17.214979655391193,
  "mean_residual_sq": 0.6598927701186192,
  "z_noise_mean": 0.03253084328485114,
  "z_noise_std": 2.818040821407186,
  "coverage_noise@68": 0.6578947480179762,
  "coverage_noise@95": 0.7729618267009133,
  "mean_emp_noise_var": 0.009811958641205964
}