{
  "avg_mse_full": 0.058796867552766766,
  "coverage@68": 0.4302003571520681,
  "coverage@95": 0.6898977227401042,
  "z_mean": 0.25052146339937503,
  "z_std": 2.2749096353848777,
  "z_abs_mean": 1.8152746644572935,
  "NLL_mean": 2.3241221713901,
  "mean_pred_var": 0.01865746376806519,
  "mean_residual_sq": 0.06456503115486407,
  "z_noise_mean": 0.005707710692861482,
  "z_noise_std": 1.1844085925731107,
  "coverage_noise@68": 0.6919579700283383,
  "coverage_noise@95": 0.9041276211323945,
  "mean_emp_noise_var": 0.010062097328836504
}