{
  "avg_mse_full": 0.2382392640874693,
  "coverage@68": 0.38482868148371424,
  "coverage@95": 0.6045256473048769,
  "z_mean": -0.19653761917442986,
  "z_std": 3.762199357904569,
  "z_abs_mean": 3.002384299581701,
  "NLL_mean": 10.976933975666386,
  "mean_pred_var": 0.017532130256483352,
  "mean_residual_sq": 0.2437718441390028,
  "z_noise_mean": 0.002609936219883049,
  "z_noise_std": 0.9753707255979981,
  "coverage_noise@68": 0.7366805326456976,
  "coverage_noise@95": 0.9445929864440301,
  "mean_emp_noise_var": 0.01012656886149386
}