{
  "avg_mse_full": 0.0027848286693915726,
  "coverage@68": 0.7794078421592713,
  "coverage@95": 0.9257814717292786,
  "z_mean": 0.01829386063851416,
  "z_std": 0.9965293371677398,
  "z_abs_mean": 0.6956159782409668,
  "NLL_mean": -2.1025907039642333,
  "mean_pred_var": 0.0015444833924993873,
  "mean_residual_sq": 0.0026049215672537683,
  "z_noise_mean": null,
  "z_noise_std": null,
  "coverage_noise@68": null,
  "coverage_noise@95": null,
  "mean_emp_noise_var": null
}