{
  "avg_mse_full": 0.04362097154466473,
  "coverage@68": 0.6612642705440521,
  "coverage@95": 0.8595407982261813,
  "z_mean": 0.16442707051732103,
  "z_std": 1.4505503153314396,
  "z_abs_mean": 0.972061707049,
  "NLL_mean": -1.432738324817346,
  "mean_pred_var": 0.012149122125488155,
  "mean_residual_sq": 0.04362097184877006,
  "z_noise_mean": null,
  "z_noise_std": null,
  "coverage_noise@68": null,
  "coverage_noise@95": null,
  "mean_emp_noise_var": null
}