{
  "avg_mse_full": 0.004988625229868505,
  "coverage@68": 0.820714316197804,
  "coverage@95": 0.9533929058483669,
  "z_mean": 0.07224633008133553,
  "z_std": 0.8643618694373539,
  "z_abs_mean": 0.5673595773322242,
  "NLL_mean": -3.289420281137739,
  "mean_pred_var": 0.0021742010888244423,
  "mean_residual_sq": 0.0029268484130235656,
  "z_noise_mean": null,
  "z_noise_std": null,
  "coverage_noise@68": null,
  "coverage_noise@95": null,
  "mean_emp_noise_var": null
}