{
  "avg_mse_full": 0.4793797980765907,
  "coverage@68": 0.15016006784779684,
  "coverage@95": 0.2851140477827617,
  "z_mean": -0.4799092424444246,
  "z_std": 7.127303678162244,
  "z_abs_mean": 5.455358300890241,
  "NLL_mean": 24.550626949388153,
  "mean_pred_var": 0.010471760532913767,
  "mean_residual_sq": 0.4930776199515985,
  "z_noise_mean": 0.010150824241074068,
  "z_noise_std": 1.0538663657344118,
  "coverage_noise@68": 0.6674669859360676,
  "coverage_noise@95": 0.9384753886534243,
  "mean_emp_noise_var": 0.010175724219226715
}