{
  "avg_mse_full": 0.044334636506985645,
  "coverage@68": 0.7730092345451822,
  "coverage@95": 0.9728891825189396,
  "z_mean": 0.09876554817607512,
  "z_std": 0.8345817996531116,
  "z_abs_mean": 0.6776855600123503,
  "NLL_mean": -0.15006363931663183,
  "mean_pred_var": 0.09004373392280267,
  "mean_residual_sq": 0.045378986061835776,
  "z_noise_mean": null,
  "z_noise_std": null,
  "coverage_noise@68": null,
  "coverage_noise@95": null,
  "mean_emp_noise_var": null
}