{
  "avg_mse_full": 0.01588137735308585,
  "coverage@68": 0.638770549881215,
  "coverage@95": 0.7632192324618904,
  "z_mean": 0.15553339373092262,
  "z_std": 2.11374262522678,
  "z_abs_mean": 1.3538434274342594,
  "NLL_mean": 0.40054448998096037,
  "mean_pred_var": 0.002929957369722578,
  "mean_residual_sq": 0.015824453030921976,
  "z_noise_mean": null,
  "z_noise_std": null,
  "coverage_noise@68": null,
  "coverage_noise@95": null,
  "mean_emp_noise_var": null
}