{
  "avg_mse_full": 0.05542026673044477,
  "coverage@68": 0.6350612543067153,
  "coverage@95": 0.7481020786324326,
  "z_mean": 0.18331803073536376,
  "z_std": 2.3744916721266143,
  "z_abs_mean": 1.4054954453390471,
  "NLL_mean": -0.04331407977306113,
  "mean_pred_var": 0.010213654165213205,
  "mean_residual_sq": 0.0572478853318156,
  "z_noise_mean": null,
  "z_noise_std": null,
  "coverage_noise@68": null,
  "coverage_noise@95": null,
  "mean_emp_noise_var": null
}