{
  "avg_mse_full": 0.03611666935362986,
  "coverage@68": 0.7207347312752082,
  "coverage@95": 0.8781020799461676,
  "z_mean": -0.07439113397873481,
  "z_std": 1.3332153546566865,
  "z_abs_mean": 0.8082099417034461,
  "NLL_mean": -2.21251570935152,
  "mean_pred_var": 0.010050543840518412,
  "mean_residual_sq": 0.038188006177696646,
  "z_noise_mean": null,
  "z_noise_std": null,
  "coverage_noise@68": null,
  "coverage_noise@95": null,
  "mean_emp_noise_var": null
}