{
  "avg_mse_full": 0.004672631322007094,
  "coverage@68": 0.7014409279336735,
  "coverage@95": 0.8513021663743623,
  "z_mean": 0.4561588624302222,
  "z_std": 1.4302306479337263,
  "z_abs_mean": 0.9498566754010259,
  "NLL_mean": -1.306932266155372,
  "mean_pred_var": 0.0013432609611095823,
  "mean_residual_sq": 0.0047288584779491835,
  "z_noise_mean": null,
  "z_noise_std": null,
  "coverage_noise@68": null,
  "coverage_noise@95": null,
  "mean_emp_noise_var": null
}