{
  "avg_mse_full": 0.1389504376114631,
  "coverage@68": 0.24579832718080405,
  "coverage@95": 0.45088036844925006,
  "z_mean": -0.5465748131427229,
  "z_std": 3.6811312169444803,
  "z_abs_mean": 2.9609777635457566,
  "NLL_mean": 6.23239651504828,
  "mean_pred_var": 0.009670296360795595,
  "mean_residual_sq": 0.14583807058480322,
  "z_noise_mean": 0.010193716015961325,
  "z_noise_std": 1.0471099043379024,
  "coverage_noise@68": 0.6660664519485162,
  "coverage_noise@95": 0.9410764623661431,
  "mean_emp_noise_var": 0.010175724589855087
}