{
  "avg_mse_full": 0.01178390672430396,
  "coverage@68": 0.6503513723003621,
  "coverage@95": 0.7719032934733799,
  "z_mean": -0.19662817513418138,
  "z_std": 1.9508522675961864,
  "z_abs_mean": 1.1903805757055477,
  "NLL_mean": -0.19191196971401878,
  "mean_pred_var": 0.0022338587667184826,
  "mean_residual_sq": 0.012035579030991209,
  "z_noise_mean": null,
  "z_noise_std": null,
  "coverage_noise@68": null,
  "coverage_noise@95": null,
  "mean_emp_noise_var": null
}