{
  "avg_mse_full": 0.16282215501580918,
  "coverage@68": 0.3324329846975755,
  "coverage@95": 0.5641256728950812,
  "z_mean": -0.0243649191356131,
  "z_std": 2.790177583694458,
  "z_abs_mean": 2.296802906357512,
  "NLL_mean": 3.462044326246393,
  "mean_pred_var": 0.017372381208198413,
  "mean_residual_sq": 0.16848564480564424,
  "z_noise_mean": null,
  "z_noise_std": null,
  "coverage_noise@68": null,
  "coverage_noise@95": null,
  "mean_emp_noise_var": null
}