{
  "avg_mse_full": 0.002730727766174823,
  "coverage@68": 0.8123870861530303,
  "coverage@95": 0.9513553500175476,
  "z_mean": 0.09813029147218913,
  "z_std": 0.8271133482456208,
  "z_abs_mean": 0.5240387547016144,
  "NLL_mean": -1.7369032144546508,
  "mean_pred_var": 0.0027349830232560636,
  "mean_residual_sq": 0.00265298864338547,
  "z_noise_mean": null,
  "z_noise_std": null,
  "coverage_noise@68": null,
  "coverage_noise@95": null,
  "mean_emp_noise_var": null
}