{
  "avg_mse_full": 0.004473448635972276,
  "coverage@68": 0.6971045075630655,
  "coverage@95": 0.8646028321616503,
  "z_mean": -0.1520010500538106,
  "z_std": 1.2096910148250812,
  "z_abs_mean": 0.8086262260164533,
  "NLL_mean": -1.2415685580701243,
  "mean_pred_var": 0.002650649025466065,
  "mean_residual_sq": 0.004512271230888306,
  "z_noise_mean": null,
  "z_noise_std": null,
  "coverage_noise@68": null,
  "coverage_noise@95": null,
  "mean_emp_noise_var": null
}