{
  "avg_mse_full": 0.003239872682440494,
  "coverage@68": 0.8053928315639496,
  "coverage@95": 0.9530428307397025,
  "z_mean": 0.018397578038275242,
  "z_std": 0.8774189480713436,
  "z_abs_mean": 0.5878361591270992,
  "NLL_mean": -3.159127797399248,
  "mean_pred_var": 0.0027249106372307453,
  "mean_residual_sq": 0.0031731146820155637,
  "z_noise_mean": null,
  "z_noise_std": null,
  "coverage_noise@68": null,
  "coverage_noise@95": null,
  "mean_emp_noise_var": null
}