{
  "avg_mse_full": 0.08024382572240975,
  "coverage@68": 0.32212885301940297,
  "coverage@95": 0.5885354134501243,
  "z_mean": -0.7405752830055295,
  "z_std": 2.470638338400393,
  "z_abs_mean": 2.0541150691557903,
  "NLL_mean": 2.195177807434633,
  "mean_pred_var": 0.013135550277573722,
  "mean_residual_sq": 0.09033199422517602,
  "z_noise_mean": 0.007678540074860449,
  "z_noise_std": 1.0076813345052757,
  "coverage_noise@68": 0.7021808709417071,
  "coverage_noise@95": 0.9462785076121895,
  "mean_emp_noise_var": 0.010175724219226715
}