{
  "avg_mse_full": 0.007477465067058802,
  "coverage@68": 0.6920452046394349,
  "coverage@95": 0.8324237155914307,
  "z_mean": -0.05667298507411033,
  "z_std": 1.5582017123699188,
  "z_abs_mean": 0.9065955460071564,
  "NLL_mean": -1.2884080928564072,
  "mean_pred_var": 0.0017080726381391287,
  "mean_residual_sq": 0.007455419483594596,
  "z_noise_mean": null,
  "z_noise_std": null,
  "coverage_noise@68": null,
  "coverage_noise@95": null,
  "mean_emp_noise_var": null
}