{
  "avg_mse_full": 0.027329936794632553,
  "coverage@68": 0.7060408519238842,
  "coverage@95": 0.8577602505683899,
  "z_mean": 0.1153021081925693,
  "z_std": 1.47570365545701,
  "z_abs_mean": 0.8686344951999431,
  "NLL_mean": -1.8103208316832173,
  "mean_pred_var": 0.01012235100628162,
  "mean_residual_sq": 0.028007964432543636,
  "z_noise_mean": null,
  "z_noise_std": null,
  "coverage_noise@68": null,
  "coverage_noise@95": null,
  "mean_emp_noise_var": null
}