{
  "avg_mse_full": 0.012764259346057566,
  "coverage@68": 0.6059156485966274,
  "coverage@95": 0.7357155522521661,
  "z_mean": -0.23372313066632772,
  "z_std": 2.372800296666671,
  "z_abs_mean": 1.5201307450022017,
  "NLL_mean": 0.7621079707252127,
  "mean_pred_var": 0.0020010758652256764,
  "mean_residual_sq": 0.01262253659245159,
  "z_noise_mean": null,
  "z_noise_std": null,
  "coverage_noise@68": null,
  "coverage_noise@95": null,
  "mean_emp_noise_var": null
}