{
  "avg_mse_full": 0.20274115931622835,
  "coverage@68": 0.19637855811386692,
  "coverage@95": 0.3721488720300246,
  "z_mean": -0.7760960810190561,
  "z_std": 4.6940116857995795,
  "z_abs_mean": 3.77410402833199,
  "NLL_mean": 10.655292313926074,
  "mean_pred_var": 0.008759975927520772,
  "mean_residual_sq": 0.20912585871256129,
  "z_noise_mean": 0.00967395263937853,
  "z_noise_std": 1.1127357482910156,
  "coverage_noise@68": 0.6379552033482766,
  "coverage_noise@95": 0.9222689356122699,
  "mean_emp_noise_var": 0.010175724589855087
}