{
  "avg_mse_full": 0.006236431774062415,
  "coverage@68": 0.7855400383472443,
  "coverage@95": 0.9264967119693757,
  "z_mean": -0.06175253620458534,
  "z_std": 1.066604955593745,
  "z_abs_mean": 0.6496751093864441,
  "NLL_mean": -2.9685381011168164,
  "mean_pred_var": 0.00359267706827571,
  "mean_residual_sq": 0.00506994230983158,
  "z_noise_mean": null,
  "z_noise_std": null,
  "coverage_noise@68": null,
  "coverage_noise@95": null,
  "mean_emp_noise_var": null
}