{
  "avg_mse_full": 0.03642788073238062,
  "coverage@68": 0.6173214571816581,
  "coverage@95": 0.7335561550393397,
  "z_mean": 0.04244296754501304,
  "z_std": 2.429697659550881,
  "z_abs_mean": 1.4671080939623775,
  "NLL_mean": -0.3757631904730687,
  "mean_pred_var": 0.004485347892670911,
  "mean_residual_sq": 0.036679757302817036,
  "z_noise_mean": null,
  "z_noise_std": null,
  "coverage_noise@68": null,
  "coverage_noise@95": null,
  "mean_emp_noise_var": null
}