{
  "avg_mse_full": 0.07065438625938965,
  "coverage@68": 0.532994973539102,
  "coverage@95": 0.7379091255592577,
  "z_mean": 13.55385309359943,
  "z_std": 60.23513127577425,
  "z_abs_mean": 14.909410296666502,
  "NLL_mean": 2871.1348965624065,
  "mean_pred_var": 0.012752300410559683,
  "mean_residual_sq": 0.06754471090706912,
  "z_noise_mean": null,
  "z_noise_std": null,
  "coverage_noise@68": null,
  "coverage_noise@95": null,
  "mean_emp_noise_var": null
}