{
  "avg_mse_full": 0.00617024174425751,
  "coverage@68": 0.8226499855518341,
  "coverage@95": 0.9420874863862991,
  "z_mean": -0.039365227217786014,
  "z_std": 0.9486590772867203,
  "z_abs_mean": 0.5611922144889832,
  "NLL_mean": -2.9411016702651978,
  "mean_pred_var": 0.003782696556299925,
  "mean_residual_sq": 0.00617024174425751,
  "z_noise_mean": null,
  "z_noise_std": null,
  "coverage_noise@68": null,
  "coverage_noise@95": null,
  "mean_emp_noise_var": null
}