{
  "avg_mse_full": 0.0007611742744062978,
  "coverage@68": 0.8814183285361842,
  "coverage@95": 0.9794472142269737,
  "z_mean": -0.1554560735025198,
  "z_std": 0.5896941023437601,
  "z_abs_mean": 0.4727259513578917,
  "NLL_mean": -3.3242143831754984,
  "mean_pred_var": 0.0004278788003016655,
  "mean_residual_sq": 0.0002995085263759584,
  "z_noise_mean": null,
  "z_noise_std": null,
  "coverage_noise@68": null,
  "coverage_noise@95": null,
  "mean_emp_noise_var": null
}