{
  "avg_mse_full": 0.018665415172775587,
  "coverage@68": 0.8280639767646789,
  "coverage@95": 0.9271186407407125,
  "z_mean": -0.0047754267488683885,
  "z_std": 1.0287240435679754,
  "z_abs_mean": 0.5692145206530889,
  "NLL_mean": -2.3239308087031048,
  "mean_pred_var": 0.00879196522757411,
  "mean_residual_sq": 0.01868369152924667,
  "z_noise_mean": null,
  "z_noise_std": null,
  "coverage_noise@68": null,
  "coverage_noise@95": null,
  "mean_emp_noise_var": null
}