{
  "avg_mse_full": 0.01325904573068807,
  "coverage@68": 0.8002415707236842,
  "coverage@95": 0.9563630756578947,
  "z_mean": -0.008725875400398908,
  "z_std": 0.8241900895771227,
  "z_abs_mean": 0.47776350065281514,
  "NLL_mean": -1.5953661956285174,
  "mean_pred_var": 0.006597474094872412,
  "mean_residual_sq": 0.007602904163497059,
  "z_noise_mean": null,
  "z_noise_std": null,
  "coverage_noise@68": null,
  "coverage_noise@95": null,
  "mean_emp_noise_var": null
}