{
  "avg_mse_full": 0.015176989519968629,
  "coverage@68": 0.5897059029340744,
  "coverage@95": 0.8930392467975616,
  "z_mean": -0.03321060082060285,
  "z_std": 1.2426841378211975,
  "z_abs_mean": 0.9917149603366852,
  "NLL_mean": -0.5588906629756093,
  "mean_pred_var": 0.010681049637496472,
  "mean_residual_sq": 0.01725245701149106,
  "z_noise_mean": -0.0015605770902402582,
  "z_noise_std": 0.9990161335468293,
  "coverage_noise@68": 0.6901961052417755,
  "coverage_noise@95": 0.9535294497013092,
  "mean_emp_noise_var": 0.010078396834433078
}