{
  "avg_mse_full": 0.007544246888719499,
  "coverage@68": 0.7729550393422445,
  "coverage@95": 0.9447033758958181,
  "z_mean": 0.04133819744922221,
  "z_std": 0.9676111876964569,
  "z_abs_mean": 0.6530429112911225,
  "NLL_mean": -3.0285806194941203,
  "mean_pred_var": 0.004103249736751119,
  "mean_residual_sq": 0.007014353084377945,
  "z_noise_mean": null,
  "z_noise_std": null,
  "coverage_noise@68": null,
  "coverage_noise@95": null,
  "mean_emp_noise_var": null
}