{
  "avg_mse_full": 0.009652313636615872,
  "coverage@68": 0.7316199779510498,
  "coverage@95": 0.9029899775981903,
  "z_mean": -0.15859762504696845,
  "z_std": 1.2046019196510316,
  "z_abs_mean": 0.7899645030498504,
  "NLL_mean": -2.6728190422058105,
  "mean_pred_var": 0.0036445661215111615,
  "mean_residual_sq": 0.009652313496917485,
  "z_noise_mean": null,
  "z_noise_std": null,
  "coverage_noise@68": null,
  "coverage_noise@95": null,
  "mean_emp_noise_var": null
}