{
  "avg_mse_full": 0.4336592856870622,
  "coverage@68": 0.1519607880285808,
  "coverage@95": 0.2897158897652918,
  "z_mean": -0.3315372147350287,
  "z_std": 7.349686861038208,
  "z_abs_mean": 5.605259773682575,
  "NLL_mean": 27.148481894512567,
  "mean_pred_var": 0.007906865014941717,
  "mean_residual_sq": 0.42352759944541113,
  "z_noise_mean": 0.014084107869741867,
  "z_noise_std": 1.2097601963549245,
  "coverage_noise@68": 0.6100440159135935,
  "coverage_noise@95": 0.9002601017757338,
  "mean_emp_noise_var": 0.010175724219226715
}