{
  "avg_mse_full": 0.014683608235791325,
  "coverage@68": 0.6584400320053101,
  "coverage@95": 0.8108550381660461,
  "z_mean": 0.9800770314177498,
  "z_std": 1.9434198904037476,
  "z_abs_mean": 1.4492105183005333,
  "NLL_mean": -0.17499080874957143,
  "mean_pred_var": 0.00696254635695368,
  "mean_residual_sq": 0.013891863760072738,
  "z_noise_mean": null,
  "z_noise_std": null,
  "coverage_noise@68": null,
  "coverage_noise@95": null,
  "mean_emp_noise_var": null
}