{
  "avg_mse_full": 0.019442055640476092,
  "coverage@68": 0.465730998589068,
  "coverage@95": 0.6207607802079649,
  "z_mean": -0.03131772296465173,
  "z_std": 4.982254699784882,
  "z_abs_mean": 3.1718664339610507,
  "NLL_mean": 10.48986519295342,
  "mean_pred_var": 0.0004956750882247805,
  "mean_residual_sq": 0.01939188779274724,
  "z_noise_mean": null,
  "z_noise_std": null,
  "coverage_noise@68": null,
  "coverage_noise@95": null,
  "mean_emp_noise_var": null
}