{
  "avg_mse_full": 0.0027986562416451623,
  "coverage@68": 0.7806932561251582,
  "coverage@95": 0.9329602122306824,
  "z_mean": 0.0800429137794263,
  "z_std": 0.945922485419682,
  "z_abs_mean": 0.5405315556088273,
  "NLL_mean": -1.7445647911149629,
  "mean_pred_var": 0.002281904467666636,
  "mean_residual_sq": 0.002855957046208181,
  "z_noise_mean": null,
  "z_noise_std": null,
  "coverage_noise@68": null,
  "coverage_noise@95": null,
  "mean_emp_noise_var": null
}