{
  "avg_mse_full": 0.004486806169763735,
  "coverage@68": 0.8625606461004778,
  "coverage@95": 0.919106105963389,
  "z_mean": 0.6439951862857649,
  "z_std": 1.4248959840548159,
  "z_abs_mean": 0.8353722960960985,
  "NLL_mean": 0.49084074351221624,
  "mean_pred_var": 0.0039071529301711256,
  "mean_residual_sq": 0.003794184303842485,
  "z_noise_mean": null,
  "z_noise_std": null,
  "coverage_noise@68": null,
  "coverage_noise@95": null,
  "mean_emp_noise_var": null
}