{
  "avg_mse_full": 0.003546130349289398,
  "coverage@68": 0.7704517975145456,
  "coverage@95": 0.9329882470928893,
  "z_mean": 0.22923111928892986,
  "z_std": 0.934067616657335,
  "z_abs_mean": 0.5605299782996275,
  "NLL_mean": -2.071786668835854,
  "mean_pred_var": 0.0019647192224213966,
  "mean_residual_sq": 0.003486949997973077,
  "z_noise_mean": null,
  "z_noise_std": null,
  "coverage_noise@68": null,
  "coverage_noise@95": null,
  "mean_emp_noise_var": null
}