{
  "avg_mse_full": 0.004455854948610068,
  "coverage@68": 0.7092094266414642,
  "coverage@95": 0.8718651115894318,
  "z_mean": 0.13027962952852248,
  "z_std": 1.2948329031467438,
  "z_abs_mean": 0.8564070379734039,
  "NLL_mean": -1.7453325548395515,
  "mean_pred_var": 0.0018067738087847829,
  "mean_residual_sq": 0.004428020641207695,
  "z_noise_mean": null,
  "z_noise_std": null,
  "coverage_noise@68": null,
  "coverage_noise@95": null,
  "mean_emp_noise_var": null
}