{
  "avg_mse_full": 0.5024353384363408,
  "coverage@68": 0.17597039195956016,
  "coverage@95": 0.33493397552139903,
  "z_mean": -0.5466908070505881,
  "z_std": 4.772453765479886,
  "z_abs_mean": 3.9096614122390747,
  "NLL_mean": 11.01793492326931,
  "mean_pred_var": 0.01883002195735367,
  "mean_residual_sq": 0.5060548812759166,
  "z_noise_mean": 0.009186219024871076,
  "z_noise_std": 0.8286336940162036,
  "coverage_noise@68": 0.7937174925998766,
  "coverage_noise@95": 0.9767907128042105,
  "mean_emp_noise_var": 0.010175724219226715
}