{
  "avg_mse_full": 0.06288333199607829,
  "coverage@68": 0.5245766894022623,
  "coverage@95": 0.6653200296560923,
  "z_mean": -0.21110715064530572,
  "z_std": 3.9203494532903034,
  "z_abs_mean": 2.3536729129155476,
  "NLL_mean": 4.648242447574933,
  "mean_pred_var": 0.0035062337744360167,
  "mean_residual_sq": 0.06930087431489179,
  "z_noise_mean": null,
  "z_noise_std": null,
  "coverage_noise@68": null,
  "coverage_noise@95": null,
  "mean_emp_noise_var": null
}