{
  "avg_mse_full": 0.26916422345200364,
  "coverage@68": 0.27090836559631387,
  "coverage@95": 0.4827931188807196,
  "z_mean": -0.10103807525652252,
  "z_std": 3.5359432697296143,
  "z_abs_mean": 2.864447851570285,
  "NLL_mean": 6.221782575760569,
  "mean_pred_var": 0.019586509568806813,
  "mean_residual_sq": 0.28277947791680996,
  "z_noise_mean": 0.006139373647913869,
  "z_noise_std": 0.8233182710044238,
  "coverage_noise@68": 0.785114046262235,
  "coverage_noise@95": 0.9714885962252714,
  "mean_emp_noise_var": 0.010175724219226715
}