{
  "avg_mse_full": 0.5169069250019229,
  "coverage@68": 0.16396559181870246,
  "coverage@95": 0.30772310008808057,
  "z_mean": -0.5115426895873887,
  "z_std": 5.440507144344096,
  "z_abs_mean": 4.419639923134628,
  "NLL_mean": 14.215395825249809,
  "mean_pred_var": 0.015227576413629006,
  "mean_residual_sq": 0.5372970533006045,
  "z_noise_mean": 0.008189557517263373,
  "z_noise_std": 0.8890744362558637,
  "coverage_noise@68": 0.7555022312670338,
  "coverage_noise@95": 0.9687875582247364,
  "mean_emp_noise_var": 0.010175724589855087
}