{
  "avg_mse_full": 0.005036111621718321,
  "coverage@68": 0.798297609601702,
  "coverage@95": 0.9345714194434029,
  "z_mean": -0.10821286362728902,
  "z_std": 0.973609277180263,
  "z_abs_mean": 0.6234585962125233,
  "NLL_mean": -2.997234719140189,
  "mean_pred_var": 0.0030422485267211285,
  "mean_residual_sq": 0.0048311334602268675,
  "z_noise_mean": null,
  "z_noise_std": null,
  "coverage_noise@68": null,
  "coverage_noise@95": null,
  "mean_emp_noise_var": null
}