{
  "lambda_true": [
    "(-0.01+2.0j)",
    "(-0.05+4.0j)",
    "(-0.2+1.0j)",
    "(-0.01+0.3j)"
  ],
  "mode_cosine_mean": 0.5521700978279114,
  "mode_cosines_each": [
    0.4589883089065552,
    0.7994534373283386,
    0.7232977747917175,
    0.2269407957792282
  ],
  "mode_perm_true_index_for_each_learned": [
    2,
    0,
    1,
    3
  ],
  "mode_phases_rad": [
    0.5813535451889038,
    -1.9162148237228394,
    -3.097085475921631,
    0.7675707340240479
  ],
  "lambda_enc_median": [
    "(-0.8934535980224609-0.8856188058853149j)",
    "(-0.6775650382041931-3.970942974090576j)",
    "(-0.69901442527771+1.6706688404083252j)",
    "(-0.8311939835548401-1.6962275505065918j)"
  ],
  "lambda_enc_time_std": [
    0.4392659068107605,
    0.3258310556411743,
    0.20490887761116028,
    1.496363878250122
  ],
  "lambda_from_phi": [
    "(-0.21065400540828705-8.965478897094727j)",
    "(-0.04674584046006203+2.1325244903564453j)",
    "(-0.02526378072798252+2.05366587638855j)",
    "(0.17891770601272583+3.610612392425537j)"
  ],
  "lambda_error_abs_enc_vs_true_each": [
    3.0178280522153385,
    4.322799667827115,
    2.4180577692154612,
    2.769124202520827
  ],
  "lambda_error_abs_enc_vs_true_mean": 3.131952422944685,
  "lambda_match_true_index_for_each_learned": [
    0,
    3,
    1,
    2
  ],
  "lambda_error_abs_phi_vs_true_each": [
    9.267651332586597,
    1.1428466908003974,
    0.05579434819641716,
    0.45169240093086876
  ],
  "lambda_error_abs_phi_vs_true_mean": 2.72949619312857,
  "lambda_enc_vs_phi_absdiff": [
    8.108658790588379,
    6.135979652404785,
    0.7750011086463928,
    5.402117729187012
  ],
  "A_offdiag_energy": 0.23612694442272186,
  "A_rel_err_to_ideal_diag": 0.5286661982536316,
  "residual_ratio_median": 0.5722729563713074,
  "residual_ratio_p90": 0.9912534356117249
}