{
  "avg_mse_full": 0.04545333981513977,
  "coverage@68": 0.7685074307480637,
  "coverage@95": 0.9726891018906418,
  "z_mean": 0.09659177212612419,
  "z_std": 0.841311508903698,
  "z_abs_mean": 0.683745623851309,
  "NLL_mean": -0.1440470731075929,
  "mean_pred_var": 0.08938772558253638,
  "mean_residual_sq": 0.046569015716715734,
  "z_noise_mean": null,
  "z_noise_std": null,
  "coverage_noise@68": null,
  "coverage_noise@95": null,
  "mean_emp_noise_var": null
}