{
  "avg_mse_full": 0.005374613241292537,
  "coverage@68": 0.7929649829864502,
  "coverage@95": 0.9251899778842926,
  "z_mean": -0.04220226183533669,
  "z_std": 0.9952656209468842,
  "z_abs_mean": 0.6048394322395325,
  "NLL_mean": -2.9917155265808106,
  "mean_pred_var": 0.0032427751459181307,
  "mean_residual_sq": 0.005374613194726407,
  "z_noise_mean": null,
  "z_noise_std": null,
  "coverage_noise@68": null,
  "coverage_noise@95": null,
  "mean_emp_noise_var": null
}