{
  "avg_mse_full": 0.0017419957653239217,
  "coverage@68": 0.7629918492570216,
  "coverage@95": 0.9122094183552022,
  "z_mean": 0.08769034882722308,
  "z_std": 1.0412922769176716,
  "z_abs_mean": 0.6491724319603979,
  "NLL_mean": -2.3333175668911057,
  "mean_pred_var": 0.0008651021433214904,
  "mean_residual_sq": 0.0017293495107062009,
  "z_noise_mean": null,
  "z_noise_std": null,
  "coverage_noise@68": null,
  "coverage_noise@95": null,
  "mean_emp_noise_var": null
}