{
  "avg_mse_full": 0.01225110748782754,
  "coverage@68": 0.7998095112187522,
  "coverage@95": 0.9411071368626186,
  "z_mean": -0.006995587875800473,
  "z_std": 0.9188860441957202,
  "z_abs_mean": 0.5961277080433709,
  "NLL_mean": -2.8383945567267284,
  "mean_pred_var": 0.008804059520895993,
  "mean_residual_sq": 0.01245570179474141,
  "z_noise_mean": null,
  "z_noise_std": null,
  "coverage_noise@68": null,
  "coverage_noise@95": null,
  "mean_emp_noise_var": null
}