{
  "avg_mse_full": 0.006557698860498411,
  "coverage@68": 0.8058571772915977,
  "coverage@95": 0.946892900126321,
  "z_mean": -0.1506295729694622,
  "z_std": 0.8924194616930825,
  "z_abs_mean": 0.6053923325879234,
  "NLL_mean": -3.0481953280312672,
  "mean_pred_var": 0.004358326716880713,
  "mean_residual_sq": 0.005401752639694938,
  "z_noise_mean": null,
  "z_noise_std": null,
  "coverage_noise@68": null,
  "coverage_noise@95": null,
  "mean_emp_noise_var": null
}