{
  "avg_mse_full": 0.8297331698086797,
  "coverage@68": 0.1308523453772068,
  "coverage@95": 0.2503001264163426,
  "z_mean": -1.2978134311507552,
  "z_std": 7.169050829751151,
  "z_abs_mean": 5.730940414934742,
  "NLL_mean": 28.322656222752162,
  "mean_pred_var": 0.016984690874054725,
  "mean_residual_sq": 0.8936936143709688,
  "z_noise_mean": 0.007364577431129577,
  "z_noise_std": 0.8417316018318644,
  "coverage_noise@68": 0.7750100274475253,
  "coverage_noise@95": 0.9759904280000803,
  "mean_emp_noise_var": 0.010175724589855087
}