{
  "avg_mse_full": 0.04818601750445609,
  "coverage@68": 0.6615612081118992,
  "coverage@95": 0.7653183499161078,
  "z_mean": -0.034913422273738046,
  "z_std": 2.330584032194955,
  "z_abs_mean": 1.3992136765499503,
  "NLL_mean": -0.036016540221717894,
  "mean_pred_var": 0.009696688160908466,
  "mean_residual_sq": 0.04946700114832849,
  "z_noise_mean": null,
  "z_noise_std": null,
  "coverage_noise@68": null,
  "coverage_noise@95": null,
  "mean_emp_noise_var": null
}