{
  "avg_mse_full": 0.006606566002592445,
  "coverage@68": 0.6816758465766907,
  "coverage@95": 0.8213278698921204,
  "z_mean": 0.04038007366470993,
  "z_std": 1.5219553065299989,
  "z_abs_mean": 0.8796450328826905,
  "NLL_mean": -0.9972706294059753,
  "mean_pred_var": 0.0023441363452002405,
  "mean_residual_sq": 0.006608247654512524,
  "z_noise_mean": null,
  "z_noise_std": null,
  "coverage_noise@68": null,
  "coverage_noise@95": null,
  "mean_emp_noise_var": null
}