{
  "avg_mse_full": 0.03425420446283355,
  "coverage@68": 0.7148775348857958,
  "coverage@95": 0.8533122235414933,
  "z_mean": 0.0749274420923772,
  "z_std": 1.613185854590669,
  "z_abs_mean": 0.9102727430207389,
  "NLL_mean": -1.8867186664850737,
  "mean_pred_var": 0.008247921490395556,
  "mean_residual_sq": 0.034628501504051445,
  "z_noise_mean": null,
  "z_noise_std": null,
  "coverage_noise@68": null,
  "coverage_noise@95": null,
  "mean_emp_noise_var": null
}