{
  "lambda_true": [
    "(-0.01+2.0j)",
    "(-0.05+4.0j)",
    "(-0.2+1.0j)",
    "(-0.01+0.3j)"
  ],
  "mode_cosine_mean": 0.7116813063621521,
  "mode_cosines_each": [
    0.5996320247650146,
    0.8008617162704468,
    0.636002242565155,
    0.8102293014526367
  ],
  "mode_perm_true_index_for_each_learned": [
    2,
    3,
    0,
    1
  ],
  "mode_phases_rad": [
    0.2603687345981598,
    2.58243465423584,
    -2.268493890762329,
    0.8591638207435608
  ],
  "lambda_enc_median": [
    "(-0.27163073420524597+5.2770609855651855j)",
    "(-0.001201353850774467+9.331830978393555j)",
    "(-0.0051168776117265224-5.543453693389893j)",
    "(-0.057541292160749435+9.724831581115723j)"
  ],
  "lambda_enc_time_std": [
    4.8546671867370605,
    7.687437057495117,
    5.126495361328125,
    7.8615875244140625
  ],
  "lambda_from_phi": [
    "(-0.16145452857017517+20.48884391784668j)",
    "(-0.2067556381225586+0.37041497230529785j)",
    "(-0.03324000909924507+2.799398422241211j)",
    "(-0.1335291713476181+1.1630452871322632j)"
  ],
  "lambda_error_abs_enc_vs_true_each": [
    4.2776607668592215,
    7.331836257848742,
    5.843455733696991,
    5.72483654816689
  ],
  "lambda_error_abs_enc_vs_true_mean": 5.7944473266429615,
  "lambda_match_true_index_for_each_learned": [
    2,
    0,
    3,
    1
  ],
  "lambda_error_abs_phi_vs_true_each": [
    16.489220595863475,
    0.20897619351919275,
    0.7997361661852429,
    0.17607423638277256
  ],
  "lambda_error_abs_phi_vs_true_mean": 4.418501797987671,
  "lambda_enc_vs_phi_absdiff": [
    15.212181091308594,
    8.963773727416992,
    8.34289836883545,
    8.56212329864502
  ],
  "A_offdiag_energy": 0.2838134169578552,
  "A_rel_err_to_ideal_diag": 0.8442056775093079,
  "residual_ratio_median": 0.7268359661102295,
  "residual_ratio_p90": 0.9962269067764282
}