{
  "avg_mse_full": 0.0028794888806130204,
  "coverage@68": 0.8091642728873661,
  "coverage@95": 0.9586856876100812,
  "z_mean": 0.03850557941145131,
  "z_std": 0.8505520905767169,
  "z_abs_mean": 0.5745602633271899,
  "NLL_mean": -3.1853063447134837,
  "mean_pred_var": 0.0027163258554147823,
  "mean_residual_sq": 0.002805207689691867,
  "z_noise_mean": null,
  "z_noise_std": null,
  "coverage_noise@68": null,
  "coverage_noise@95": null,
  "mean_emp_noise_var": null
}