{
  "avg_mse_full": 0.0024011541580857367,
  "coverage@68": 0.8331713883244262,
  "coverage@95": 0.9673133358663443,
  "z_mean": 0.057022191897718885,
  "z_std": 0.746272359575544,
  "z_abs_mean": 0.45459520451876584,
  "NLL_mean": -1.705433042681947,
  "mean_pred_var": 0.0032901738067062534,
  "mean_residual_sq": 0.0023091629584681013,
  "z_noise_mean": null,
  "z_noise_std": null,
  "coverage_noise@68": null,
  "coverage_noise@95": null,
  "mean_emp_noise_var": null
}