{
  "avg_mse_full": 0.002419619713909924,
  "coverage@68": 0.8325091886520386,
  "coverage@95": 0.9666544961929321,
  "z_mean": 0.06391704295761884,
  "z_std": 0.7504547035694122,
  "z_abs_mean": 0.4544712895154953,
  "NLL_mean": -1.7025158882141114,
  "mean_pred_var": 0.0032865431951358912,
  "mean_residual_sq": 0.00233062956482172,
  "z_noise_mean": null,
  "z_noise_std": null,
  "coverage_noise@68": null,
  "coverage_noise@95": null,
  "mean_emp_noise_var": null
}