{
  "avg_mse_full": 0.6880946841486024,
  "coverage@68": 0.4285997383371748,
  "coverage@95": 0.6234898192412925,
  "z_mean": -0.33620341935411396,
  "z_std": 3.401903667835274,
  "z_abs_mean": 2.7063826461030978,
  "NLL_mean": 8.381548644015282,
  "mean_pred_var": 0.027897662643079805,
  "mean_residual_sq": 0.6169174332077606,
  "z_noise_mean": 0.002802261316001114,
  "z_noise_std": 0.7110115021768243,
  "coverage_noise@68": 0.8517528501423922,
  "coverage_noise@95": 0.9877698812821899,
  "mean_emp_noise_var": 0.01012656915782377
}