{
  "avg_mse_full": 0.04554900586605072,
  "coverage@68": 0.7671568936109543,
  "coverage@95": 0.9696078705787659,
  "z_mean": 0.09800551160471514,
  "z_std": 0.8470688104629517,
  "z_abs_mean": 0.6880041480064392,
  "NLL_mean": -0.14008339866995811,
  "mean_pred_var": 0.08932753875851632,
  "mean_residual_sq": 0.04665463741868734,
  "z_noise_mean": 0.0005373033415526151,
  "z_noise_std": 0.5569413024187088,
  "coverage_noise@68": 0.9240196466445922,
  "coverage_noise@95": 0.9906862938404083,
  "mean_emp_noise_var": 0.010078396834433078
}