{
  "avg_mse_full": 0.0018325438198952165,
  "coverage@68": 0.659010132755896,
  "coverage@95": 0.7553687210034843,
  "z_mean": 0.295343896204775,
  "z_std": 2.4186271495289273,
  "z_abs_mean": 1.5084330623198037,
  "NLL_mean": -1.147626649851751,
  "mean_pred_var": 7.657200426411242e-05,
  "mean_residual_sq": 0.0019324059243757286,
  "z_noise_mean": null,
  "z_noise_std": null,
  "coverage_noise@68": null,
  "coverage_noise@95": null,
  "mean_emp_noise_var": null
}