{
  "avg_mse_full": 0.011862958520650864,
  "coverage@68": 0.6640196090936661,
  "coverage@95": 0.9343137204647064,
  "z_mean": 0.00573180659674108,
  "z_std": 1.0431739842891694,
  "z_abs_mean": 0.8477134561538696,
  "NLL_mean": -0.6801414692401886,
  "mean_pred_var": 0.014466731538996101,
  "mean_residual_sq": 0.014094536360353231,
  "z_noise_mean": -0.0009777301200665533,
  "z_noise_std": 0.9183867692947387,
  "coverage_noise@68": 0.7352941191196442,
  "coverage_noise@95": 0.9624509739875794,
  "mean_emp_noise_var": 0.010078396610915662
}