{
  "avg_mse_full": 0.152150102567916,
  "coverage@68": 0.25150060182323264,
  "coverage@95": 0.4516806742366479,
  "z_mean": -0.5470190827012518,
  "z_std": 3.9641057155570207,
  "z_abs_mean": 3.159972439006883,
  "NLL_mean": 7.797201750838027,
  "mean_pred_var": 0.00856270341734801,
  "mean_residual_sq": 0.15702215962264002,
  "z_noise_mean": 0.008437188995564927,
  "z_noise_std": 1.1365443480258086,
  "coverage_noise@68": 0.6303521467714893,
  "coverage_noise@95": 0.9163665430886405,
  "mean_emp_noise_var": 0.010175724219226715
}