{
  "avg_mse_full": 0.0016719905880132788,
  "coverage@68": 0.9493022717927632,
  "coverage@95": 0.9971666837993421,
  "z_mean": -0.20881651263487966,
  "z_std": 0.4155597278946324,
  "z_abs_mean": 0.37203151458188105,
  "NLL_mean": -2.4573081292604146,
  "mean_pred_var": 0.0013055845445610191,
  "mean_residual_sq": 0.0003830212326168916,
  "z_noise_mean": null,
  "z_noise_std": null,
  "coverage_noise@68": null,
  "coverage_noise@95": null,
  "mean_emp_noise_var": null
}