{
  "avg_mse_full": 0.0014804220164047653,
  "coverage@68": 0.7720754523026315,
  "coverage@95": 0.9450426603618421,
  "z_mean": -0.10083109370775913,
  "z_std": 0.8773234172871238,
  "z_abs_mean": 0.6680588800656168,
  "NLL_mean": -2.315222144126892,
  "mean_pred_var": 0.000845043405302261,
  "mean_residual_sq": 0.0007756586986177258,
  "z_noise_mean": null,
  "z_noise_std": null,
  "coverage_noise@68": null,
  "coverage_noise@95": null,
  "mean_emp_noise_var": null
}