{
  "avg_mse_full": 0.01138846343383193,
  "coverage@68": 0.6428431391716003,
  "coverage@95": 0.9311764645576477,
  "z_mean": 0.0315923920320347,
  "z_std": 1.0955082762241364,
  "z_abs_mean": 0.8726350128650665,
  "NLL_mean": -0.7735968518257141,
  "mean_pred_var": 0.01059321972541511,
  "mean_residual_sq": 0.011966282557696105,
  "z_noise_mean": -0.0012006736011244356,
  "z_noise_std": 1.0184260249137878,
  "coverage_noise@68": 0.6786274456977844,
  "coverage_noise@95": 0.9484313666820526,
  "mean_emp_noise_var": 0.010078396610915662
}