{
  "avg_mse_full": 0.007016746070585214,
  "coverage@68": 0.7024550345540047,
  "coverage@95": 0.8521700394153595,
  "z_mean": -0.2628793155634776,
  "z_std": 1.6482259404659272,
  "z_abs_mean": 1.2027595815062524,
  "NLL_mean": -1.4478675685822964,
  "mean_pred_var": 0.002569341658381745,
  "mean_residual_sq": 0.005853257775015663,
  "z_noise_mean": null,
  "z_noise_std": null,
  "coverage_noise@68": null,
  "coverage_noise@95": null,
  "mean_emp_noise_var": null
}