{
  "avg_mse_full": 0.07053569944575429,
  "coverage@68": 0.38421569734811784,
  "coverage@95": 0.6483333599567414,
  "z_mean": 0.03142801119014621,
  "z_std": 2.455462007522583,
  "z_abs_mean": 1.925903947353363,
  "NLL_mean": 2.1437652032077312,
  "mean_pred_var": 0.01036661734804511,
  "mean_residual_sq": 0.07377023503184318,
  "z_noise_mean": -0.0018650415176671232,
  "z_noise_std": 1.0093170845508574,
  "coverage_noise@68": 0.6831372809410096,
  "coverage_noise@95": 0.9509804320335388,
  "mean_emp_noise_var": 0.010078396834433078
}