{
  "avg_mse_full": 0.3575406663119793,
  "coverage@68": 0.23460784569382667,
  "coverage@95": 0.42225490272045135,
  "z_mean": 0.4110620319377631,
  "z_std": 4.424730877876282,
  "z_abs_mean": 3.5709578371047974,
  "NLL_mean": 10.163594466149807,
  "mean_pred_var": 0.015057488027960062,
  "mean_residual_sq": 0.36535558763891457,
  "z_noise_mean": -0.002212421849835664,
  "z_noise_std": 0.9150112092494964,
  "coverage_noise@68": 0.749313725233078,
  "coverage_noise@95": 0.9619607746601104,
  "mean_emp_noise_var": 0.010078396610915662
}