{
  "avg_mse_full": 0.0060073650989215825,
  "coverage@68": 0.7985650354623794,
  "coverage@95": 0.9228900444507598,
  "z_mean": 0.8481543948850594,
  "z_std": 2.2954353711009023,
  "z_abs_mean": 1.4127967643737793,
  "NLL_mean": 11.434251444637775,
  "mean_pred_var": 0.00396569688222371,
  "mean_residual_sq": 0.005072561077831779,
  "z_noise_mean": null,
  "z_noise_std": null,
  "coverage_noise@68": null,
  "coverage_noise@95": null,
  "mean_emp_noise_var": null
}