{
  "avg_mse_full": 0.024855956025421618,
  "coverage@68": 0.6730696483453115,
  "coverage@95": 0.9097926453749339,
  "z_mean": 0.1604928857522706,
  "z_std": 1.1483708957831065,
  "z_abs_mean": 0.8370193378130595,
  "NLL_mean": -1.8425060884157816,
  "mean_pred_var": 0.012079095480342706,
  "mean_residual_sq": 0.024855956103031835,
  "z_noise_mean": null,
  "z_noise_std": null,
  "coverage_noise@68": null,
  "coverage_noise@95": null,
  "mean_emp_noise_var": null
}