{
  "lambda_true": [
    "(-0.01+2.0j)",
    "(-0.05+4.0j)",
    "(-0.2+1.0j)",
    "(-0.01+0.3j)"
  ],
  "mode_cosine_mean": 0.5814216732978821,
  "mode_cosines_each": [
    0.23919677734375,
    0.9835821390151978,
    0.9581668972969055,
    0.14474089443683624
  ],
  "mode_perm_true_index_for_each_learned": [
    2,
    0,
    1,
    3
  ],
  "mode_phases_rad": [
    -0.4877256155014038,
    1.583867073059082,
    1.5437960624694824,
    -2.2374982833862305
  ],
  "lambda_enc_median": [
    "(-0.25665047764778137+1.3717162609100342j)",
    "(-0.0010128929279744625-2.7786149978637695j)",
    "(-0.001024553901515901+1.4493881464004517j)",
    "(-0.2810436189174652-0.9000817537307739j)"
  ],
  "lambda_enc_time_std": [
    0.27506619691848755,
    0.19366787374019623,
    0.47435495257377625,
    0.2267741858959198
  ],
  "lambda_from_phi": [
    "(-0.28385627269744873+2.1120293140411377j)",
    "(-0.07191326469182968+2.4569942951202393j)",
    "(0.5923022031784058+2.17301082611084j)",
    "(-0.3885231912136078+1.827376127243042j)"
  ],
  "lambda_error_abs_enc_vs_true_each": [
    2.6363952346104687,
    3.0786281154379886,
    0.5506850024805445,
    1.9018093329847376
  ],
  "lambda_error_abs_enc_vs_true_mean": 2.041879421378435,
  "lambda_match_true_index_for_each_learned": [
    1,
    3,
    0,
    2
  ],
  "lambda_error_abs_phi_vs_true_each": [
    0.29588481762379637,
    1.5431612995603996,
    1.9674698215428799,
    0.848582494255601
  ],
  "lambda_error_abs_phi_vs_true_mean": 1.1637746082456693,
  "lambda_enc_vs_phi_absdiff": [
    0.7408128380775452,
    5.23608922958374,
    0.9357705116271973,
    2.729574680328369
  ],
  "A_offdiag_energy": 0.23681315779685974,
  "A_rel_err_to_ideal_diag": 0.5889286398887634,
  "residual_ratio_median": 0.41871020197868347,
  "residual_ratio_p90": 1.1746408939361572
}