{
  "avg_mse_full": 0.29945212252894227,
  "coverage@68": 0.3378351470645593,
  "coverage@95": 0.6005402365509345,
  "z_mean": 0.18966211014598303,
  "z_std": 2.9584133698015798,
  "z_abs_mean": 2.261539641691714,
  "NLL_mean": 4.320300033163964,
  "mean_pred_var": 0.04733279355022372,
  "mean_residual_sq": 0.3064223266377741,
  "z_noise_mean": null,
  "z_noise_std": null,
  "coverage_noise@68": null,
  "coverage_noise@95": null,
  "mean_emp_noise_var": null
}