{
  "avg_mse_full": 0.0019494674079304777,
  "coverage@68": 0.6918737695674704,
  "coverage@95": 0.7932424623556812,
  "z_mean": -0.08914352886465783,
  "z_std": 2.157589776949449,
  "z_abs_mean": 1.2949627911803698,
  "NLL_mean": -1.9408172130246053,
  "mean_pred_var": 7.816266066822778e-05,
  "mean_residual_sq": 0.002054073043653243,
  "z_noise_mean": null,
  "z_noise_std": null,
  "coverage_noise@68": null,
  "coverage_noise@95": null,
  "mean_emp_noise_var": null
}