{
  "avg_mse_full": 0.230032241479917,
  "coverage@68": 0.3570013969685092,
  "coverage@95": 0.604971305137933,
  "z_mean": -0.13211787071530567,
  "z_std": 2.6783207462291525,
  "z_abs_mean": 2.176236937744449,
  "NLL_mean": 3.5454600838699726,
  "mean_pred_var": 0.028215213909256038,
  "mean_residual_sq": 0.23154725939637483,
  "z_noise_mean": 0.0015341143521851851,
  "z_noise_std": 0.7095142976202146,
  "coverage_noise@68": 0.8491285696174159,
  "coverage_noise@95": 0.984303845901682,
  "mean_emp_noise_var": 0.01012656915782377
}