{
  "avg_mse_full": 0.017458010455593465,
  "coverage@68": 0.6307843154668809,
  "coverage@95": 0.9154901933670044,
  "z_mean": 0.14647262370679529,
  "z_std": 1.0815035939216613,
  "z_abs_mean": 0.9127863204479217,
  "NLL_mean": -0.5021574159897864,
  "mean_pred_var": 0.01674443805590272,
  "mean_residual_sq": 0.019382516313344242,
  "z_noise_mean": -0.002937876582145691,
  "z_noise_std": 0.8612205612659455,
  "coverage_noise@68": 0.7700980353355408,
  "coverage_noise@95": 0.9737254810333252,
  "mean_emp_noise_var": 0.010078396610915662
}