{
  "avg_mse_full": 0.013528543674120945,
  "coverage@68": 0.7480357417038509,
  "coverage@95": 0.9040357555661883,
  "z_mean": 0.12536193985891128,
  "z_std": 1.1200969006334032,
  "z_abs_mean": 0.7461901413542884,
  "NLL_mean": -2.865500364984785,
  "mean_pred_var": 0.0036271526478230953,
  "mean_residual_sq": 0.013025734008156828,
  "z_noise_mean": null,
  "z_noise_std": null,
  "coverage_noise@68": null,
  "coverage_noise@95": null,
  "mean_emp_noise_var": null
}