{
  "avg_mse_full": 0.019251509541645645,
  "coverage@68": 0.8481250401337942,
  "coverage@95": 0.9540117124716441,
  "z_mean": -0.03197578486540199,
  "z_std": 0.8162246827284495,
  "z_abs_mean": 0.488580024043719,
  "NLL_mean": -2.36015553633372,
  "mean_pred_var": 0.01104275396714608,
  "mean_residual_sq": 0.016894127285728852,
  "z_noise_mean": null,
  "z_noise_std": null,
  "coverage_noise@68": null,
  "coverage_noise@95": null,
  "mean_emp_noise_var": null
}