{
  "avg_mse_full": 0.00618363732272493,
  "coverage@68": 0.8428214660712651,
  "coverage@95": 0.9726786230291639,
  "z_mean": 0.13271180520366346,
  "z_std": 0.7412400969437191,
  "z_abs_mean": 0.5198402340923037,
  "NLL_mean": -3.261721202305385,
  "mean_pred_var": 0.0037376437768606202,
  "mean_residual_sq": 0.004705897066742182,
  "z_noise_mean": null,
  "z_noise_std": null,
  "coverage_noise@68": null,
  "coverage_noise@95": null,
  "mean_emp_noise_var": null
}