{
  "avg_mse_full": 0.004032130524712174,
  "coverage@68": 0.5956645764802632,
  "coverage@95": 0.6910978618421053,
  "z_mean": 0.03718528376990243,
  "z_std": 2.281079411506653,
  "z_abs_mean": 1.4505390305268138,
  "NLL_mean": -0.2065811221928973,
  "mean_pred_var": 0.0004949612101834072,
  "mean_residual_sq": 0.003551653328988897,
  "z_noise_mean": null,
  "z_noise_std": null,
  "coverage_noise@68": null,
  "coverage_noise@95": null,
  "mean_emp_noise_var": null
}