{
  "avg_mse_full": 0.03690628669395739,
  "coverage@68": 0.7336203930329304,
  "coverage@95": 0.8606999759771385,
  "z_mean": -0.04374309169242577,
  "z_std": 1.553327667469881,
  "z_abs_mean": 0.8654103972473923,
  "NLL_mean": -1.5746445211828972,
  "mean_pred_var": 0.009351476380715564,
  "mean_residual_sq": 0.03752738343817847,
  "z_noise_mean": null,
  "z_noise_std": null,
  "coverage_noise@68": null,
  "coverage_noise@95": null,
  "mean_emp_noise_var": null
}