{
  "avg_mse_full": 0.01176588773271259,
  "coverage@68": 0.6503451430067724,
  "coverage@95": 0.7720777197759978,
  "z_mean": -0.19279322640647237,
  "z_std": 1.9502700032020102,
  "z_abs_mean": 1.1893221845432205,
  "NLL_mean": -0.1951586062810859,
  "mean_pred_var": 0.0022342148978187113,
  "mean_residual_sq": 0.012016226024347909,
  "z_noise_mean": null,
  "z_noise_std": null,
  "coverage_noise@68": null,
  "coverage_noise@95": null,
  "mean_emp_noise_var": null
}