{
  "avg_mse_full": 0.023474812574152435,
  "coverage@68": 0.6490918665516133,
  "coverage@95": 0.7573877937939703,
  "z_mean": 0.02525922123874937,
  "z_std": 3.655824688016152,
  "z_abs_mean": 1.7730713328536676,
  "NLL_mean": 5.17913995439909,
  "mean_pred_var": 0.0031193105161798243,
  "mean_residual_sq": 0.022882226445921222,
  "z_noise_mean": null,
  "z_noise_std": null,
  "coverage_noise@68": null,
  "coverage_noise@95": null,
  "mean_emp_noise_var": null
}