{
  "avg_mse_full": 0.027543948497623205,
  "coverage@68": 0.6430624723434448,
  "coverage@95": 0.7499249875545502,
  "z_mean": 0.07243950106203556,
  "z_std": 3.3783873915672302,
  "z_abs_mean": 1.5283003449440002,
  "NLL_mean": 2.1966511011123657,
  "mean_pred_var": 0.002572735131252557,
  "mean_residual_sq": 0.027543948497623205,
  "z_noise_mean": null,
  "z_noise_std": null,
  "coverage_noise@68": null,
  "coverage_noise@95": null,
  "mean_emp_noise_var": null
}