{
  "avg_mse_full": 0.037830650685355065,
  "coverage@68": 0.5937683620055516,
  "coverage@95": 0.7685600384076436,
  "z_mean": 0.0905349195174252,
  "z_std": 2.43921435991923,
  "z_abs_mean": 1.4813283399740855,
  "NLL_mean": -0.39698584355413913,
  "mean_pred_var": 0.002555150843691081,
  "mean_residual_sq": 0.03813878489503016,
  "z_noise_mean": null,
  "z_noise_std": null,
  "coverage_noise@68": null,
  "coverage_noise@95": null,
  "mean_emp_noise_var": null
}