{
  "avg_mse_full": 0.022378680223288636,
  "coverage@68": 0.8130833717187246,
  "coverage@95": 0.9430500435829162,
  "z_mean": 0.05532339857600164,
  "z_std": 0.8288507909576098,
  "z_abs_mean": 0.4778584384918213,
  "NLL_mean": -2.3252732872962953,
  "mean_pred_var": 0.02325834468007088,
  "mean_residual_sq": 0.02414059997186996,
  "z_noise_mean": null,
  "z_noise_std": null,
  "coverage_noise@68": null,
  "coverage_noise@95": null,
  "mean_emp_noise_var": null
}