{
  "avg_mse_full": 0.578472091289557,
  "coverage@68": 0.4236977770171984,
  "coverage@95": 0.6217568041098238,
  "z_mean": -0.27198225184522495,
  "z_std": 3.356807225280338,
  "z_abs_mean": 2.6808710287917745,
  "NLL_mean": 8.0055062308757,
  "mean_pred_var": 0.02635632434652911,
  "mean_residual_sq": 0.5259656321182095,
  "z_noise_mean": 0.003134134185566294,
  "z_noise_std": 0.7244823683391918,
  "coverage_noise@68": 0.8454644770333262,
  "coverage_noise@95": 0.9866310454378224,
  "mean_emp_noise_var": 0.01012656915782377
}