{
  "avg_mse_full": 0.024253865455587706,
  "coverage@68": 0.7575199794769287,
  "coverage@95": 0.8816466458638509,
  "z_mean": -0.020580707498205206,
  "z_std": 1.3802865799268087,
  "z_abs_mean": 0.7947770647207896,
  "NLL_mean": -1.8324119327465693,
  "mean_pred_var": 0.008767039775848388,
  "mean_residual_sq": 0.024594830938925345,
  "z_noise_mean": null,
  "z_noise_std": null,
  "coverage_noise@68": null,
  "coverage_noise@95": null,
  "mean_emp_noise_var": null
}