{
  "avg_mse_full": 0.01746880336265479,
  "coverage@68": 0.8034928398472923,
  "coverage@95": 0.9321928322315216,
  "z_mean": -0.10869106091558933,
  "z_std": 0.9474572624479022,
  "z_abs_mean": 0.6175275359834943,
  "NLL_mean": -2.9705506563186646,
  "mean_pred_var": 0.00688909982065005,
  "mean_residual_sq": 0.01765358218524073,
  "z_noise_mean": null,
  "z_noise_std": null,
  "coverage_noise@68": null,
  "coverage_noise@95": null,
  "mean_emp_noise_var": null
}