{
  "avg_mse_full": 0.048513908452373376,
  "coverage@68": 0.35934373888434196,
  "coverage@95": 0.635954382468243,
  "z_mean": -0.6898051118668245,
  "z_std": 2.3822804519108365,
  "z_abs_mean": 1.937425170625959,
  "NLL_mean": 1.8942252863198519,
  "mean_pred_var": 0.008928982702521036,
  "mean_residual_sq": 0.05501310903655023,
  "z_noise_mean": 0.008830775216944059,
  "z_noise_std": 1.1313886314022297,
  "coverage_noise@68": 0.6358543403294622,
  "coverage_noise@95": 0.9188675406027813,
  "mean_emp_noise_var": 0.010175724219226715
}