{
  "avg_mse_full": 0.7612002833624079,
  "coverage@68": 0.05646969966891438,
  "coverage@95": 0.1532727348608802,
  "z_mean": -55.65736782189572,
  "z_std": 642.6546976108743,
  "z_abs_mean": 139.07342687279288,
  "NLL_mean": 231110.06877367425,
  "mean_pred_var": 0.00012727022509683263,
  "mean_residual_sq": 0.7999700079813148,
  "z_noise_mean": null,
  "z_noise_std": null,
  "coverage_noise@68": null,
  "coverage_noise@95": null,
  "mean_emp_noise_var": null
}