{
  "avg_mse_full": 0.0491310091004992,
  "coverage@68": 0.37134855316609755,
  "coverage@95": 0.6380552467034788,
  "z_mean": -0.6909856637369614,
  "z_std": 2.42681677730716,
  "z_abs_mean": 1.9518316570593386,
  "NLL_mean": 2.0140362520683177,
  "mean_pred_var": 0.008602706905530423,
  "mean_residual_sq": 0.0575699406695001,
  "z_noise_mean": 0.009294442927502856,
  "z_noise_std": 1.1250637587235899,
  "coverage_noise@68": 0.6343537617702873,
  "coverage_noise@95": 0.9204682196889605,
  "mean_emp_noise_var": 0.010175724589855087
}