{
  "avg_mse_full": 0.05864058803690939,
  "coverage@68": 0.6232449242046901,
  "coverage@95": 0.7197755429209495,
  "z_mean": 0.05092498634903863,
  "z_std": 3.4410341661803576,
  "z_abs_mean": 1.718321948635335,
  "NLL_mean": 3.3516880914720955,
  "mean_pred_var": 0.005577618341740905,
  "mean_residual_sq": 0.06464010260390993,
  "z_noise_mean": null,
  "z_noise_std": null,
  "coverage_noise@68": null,
  "coverage_noise@95": null,
  "mean_emp_noise_var": null
}