{
  "avg_mse_full": 0.01331319823404964,
  "coverage@68": 0.3511873742147368,
  "coverage@95": 0.6695510003031516,
  "z_mean": -0.5117226075000909,
  "z_std": 3.801052743074845,
  "z_abs_mean": 2.50933440364137,
  "NLL_mean": 4.645690992322503,
  "mean_pred_var": 0.0006564846452401609,
  "mean_residual_sq": 0.013460882122115212,
  "z_noise_mean": null,
  "z_noise_std": null,
  "coverage_noise@68": null,
  "coverage_noise@95": null,
  "mean_emp_noise_var": null
}