{
  "avg_mse_full": 0.004345902915749895,
  "coverage@68": 0.5544947574013158,
  "coverage@95": 0.6732113486842105,
  "z_mean": -0.08712870823709588,
  "z_std": 2.416394120768497,
  "z_abs_mean": 1.612754081424914,
  "NLL_mean": -0.6961520463228226,
  "mean_pred_var": 0.0003906285197253486,
  "mean_residual_sq": 0.004345902970893995,
  "z_noise_mean": null,
  "z_noise_std": null,
  "coverage_noise@68": null,
  "coverage_noise@95": null,
  "mean_emp_noise_var": null
}