{
  "avg_mse_full": 0.0021727341702397988,
  "coverage@68": 0.7856520146739726,
  "coverage@95": 0.9351935289344009,
  "z_mean": 0.058229115145395,
  "z_std": 0.9242408883814909,
  "z_abs_mean": 0.614493094536723,
  "NLL_mean": -2.255603532401883,
  "mean_pred_var": 0.0013858623260974276,
  "mean_residual_sq": 0.0021877377982992604,
  "z_noise_mean": null,
  "z_noise_std": null,
  "coverage_noise@68": null,
  "coverage_noise@95": null,
  "mean_emp_noise_var": null
}