{
  "avg_mse_full": 0.4518364163379025,
  "coverage@68": 0.4772232271204091,
  "coverage@95": 0.6956328200270431,
  "z_mean": 0.12737756922251262,
  "z_std": 2.2949393096596302,
  "z_abs_mean": 1.8635644744140933,
  "NLL_mean": 3.445063113978114,
  "mean_pred_var": 0.05736221519835068,
  "mean_residual_sq": 0.4516178478458614,
  "z_noise_mean": 0.00214641331456163,
  "z_noise_std": 0.5543765923892608,
  "coverage_noise@68": 0.9209744833936595,
  "coverage_noise@95": 0.993563093922355,
  "mean_emp_noise_var": 0.01012656915782377
}