{
  "avg_mse_full": 0.07212640192698348,
  "coverage@68": 0.5434394192816031,
  "coverage@95": 0.7301010447319107,
  "z_mean": 13.656967321128556,
  "z_std": 60.679158103586445,
  "z_abs_mean": 15.001614609752039,
  "NLL_mean": 2899.331146496414,
  "mean_pred_var": 0.012197007171132347,
  "mean_residual_sq": 0.0691749912056357,
  "z_noise_mean": null,
  "z_noise_std": null,
  "coverage_noise@68": null,
  "coverage_noise@95": null,
  "mean_emp_noise_var": null
}