{
  "avg_mse_full": 0.040882858876138926,
  "coverage@68": 0.42803922921419146,
  "coverage@95": 0.7252941465377808,
  "z_mean": 0.032537449817173186,
  "z_std": 1.8274301433563231,
  "z_abs_mean": 1.4717064440250396,
  "NLL_mean": 0.44994121968746187,
  "mean_pred_var": 0.012053514365106821,
  "mean_residual_sq": 0.044069613143801686,
  "z_noise_mean": -0.003434953393880278,
  "z_noise_std": 0.9642485427856445,
  "coverage_noise@68": 0.7100980663299561,
  "coverage_noise@95": 0.9575490570068359,
  "mean_emp_noise_var": 0.010078396834433078
}