{
  "avg_mse_full": 0.01527233839345475,
  "coverage@68": 0.7780033147335053,
  "coverage@95": 0.9270586423079172,
  "z_mean": 0.21410025901471574,
  "z_std": 1.0491755568981171,
  "z_abs_mean": 0.6867912236849467,
  "NLL_mean": -2.7217764882246653,
  "mean_pred_var": 0.007763306430230538,
  "mean_residual_sq": 0.015372435703563194,
  "z_noise_mean": null,
  "z_noise_std": null,
  "coverage_noise@68": null,
  "coverage_noise@95": null,
  "mean_emp_noise_var": null
}