{
  "avg_mse_full": 0.005315047693438828,
  "coverage@68": 0.693745448589325,
  "coverage@95": 0.8420268905162811,
  "z_mean": 0.5290096443891525,
  "z_std": 1.4729139065742494,
  "z_abs_mean": 1.0758902370929717,
  "NLL_mean": -1.3833273008465767,
  "mean_pred_var": 0.0016635716322343796,
  "mean_residual_sq": 0.005299818031489849,
  "z_noise_mean": null,
  "z_noise_std": null,
  "coverage_noise@68": null,
  "coverage_noise@95": null,
  "mean_emp_noise_var": null
}