{
  "avg_mse_full": 0.13193707589549247,
  "coverage@68": 0.3360606209196226,
  "coverage@95": 0.4955101251000106,
  "z_mean": 26.080627014540664,
  "z_std": 102.17034002747198,
  "z_abs_mean": 26.813805882376855,
  "NLL_mean": 7380.22328233177,
  "mean_pred_var": 0.009536541226987888,
  "mean_residual_sq": 0.12584191370717804,
  "z_noise_mean": null,
  "z_noise_std": null,
  "coverage_noise@68": null,
  "coverage_noise@95": null,
  "mean_emp_noise_var": null
}