{
  "avg_mse_full": 0.05970804535840847,
  "coverage@68": 0.3670468312136981,
  "coverage@95": 0.6333533628862731,
  "z_mean": -0.5709652021261198,
  "z_std": 2.4245763481879723,
  "z_abs_mean": 1.9338244029453822,
  "NLL_mean": 1.9112833968876881,
  "mean_pred_var": 0.009556849734211455,
  "mean_residual_sq": 0.06659197172492134,
  "z_noise_mean": 0.009383039088083469,
  "z_noise_std": 1.0555584929427322,
  "coverage_noise@68": 0.6628651728435438,
  "coverage_noise@95": 0.9393757837159293,
  "mean_emp_noise_var": 0.010175724589855087
}