{
  "avg_mse_full": 0.01940293568281495,
  "coverage@68": 0.682576560852479,
  "coverage@95": 0.8506377947573759,
  "z_mean": 0.03361464537708659,
  "z_std": 1.633121106089378,
  "z_abs_mean": 0.9824490401209617,
  "NLL_mean": -1.980485942822938,
  "mean_pred_var": 0.004367255895607629,
  "mean_residual_sq": 0.01846440656262697,
  "z_noise_mean": null,
  "z_noise_std": null,
  "coverage_noise@68": null,
  "coverage_noise@95": null,
  "mean_emp_noise_var": null
}