{
  "lambda_true": [
    "(-0.01+2.0j)",
    "(-0.05+4.0j)",
    "(-0.2+1.0j)",
    "(-0.01+0.3j)"
  ],
  "mode_cosine_mean": 0.7116813063621521,
  "mode_cosines_each": [
    0.5996320247650146,
    0.8008617162704468,
    0.636002242565155,
    0.8102293014526367
  ],
  "mode_perm_true_index_for_each_learned": [
    2,
    3,
    0,
    1
  ],
  "mode_phases_rad": [
    0.2603687345981598,
    2.58243465423584,
    -2.268493890762329,
    0.8591638207435608
  ],
  "lambda_enc_median": [
    "(-0.11973600834608078+0.49669981002807617j)",
    "(-0.0013834084384143353-8.742731094360352j)",
    "(-0.04128362238407135+9.309041976928711j)",
    "(-0.029749609529972076-9.331506729125977j)"
  ],
  "lambda_enc_time_std": [
    5.484378814697266,
    7.8010053634643555,
    5.700288772583008,
    7.9964599609375
  ],
  "lambda_from_phi": [
    "(-0.16145452857017517+20.48884391784668j)",
    "(-0.2067556381225586+0.37041497230529785j)",
    "(-0.03324000909924507+2.799398422241211j)",
    "(-0.1335291713476181+1.1630452871322632j)"
  ],
  "lambda_error_abs_enc_vs_true_each": [
    1.5073000539697972,
    9.042735199626367,
    5.309049132192116,
    10.33290939132975
  ],
  "lambda_error_abs_enc_vs_true_mean": 6.547998444279507,
  "lambda_match_true_index_for_each_learned": [
    0,
    3,
    1,
    2
  ],
  "lambda_error_abs_phi_vs_true_each": [
    16.489220595863475,
    0.20897619351919275,
    0.7997361661852429,
    0.17607423638277256
  ],
  "lambda_error_abs_phi_vs_true_mean": 4.418501797987671,
  "lambda_enc_vs_phi_absdiff": [
    19.992185592651367,
    9.115459442138672,
    6.509648323059082,
    10.495064735412598
  ],
  "A_offdiag_energy": 0.2838134169578552,
  "A_rel_err_to_ideal_diag": 0.9358857870101929,
  "residual_ratio_median": 0.6806364059448242,
  "residual_ratio_p90": 1.2063618898391724
}