{
  "avg_mse_full": 0.016679794806987048,
  "coverage@68": 0.7085294115543366,
  "coverage@95": 0.9587254869937897,
  "z_mean": 0.21621243504807353,
  "z_std": 0.917710291147232,
  "z_abs_mean": 0.7646376872062683,
  "NLL_mean": -0.6661239525675774,
  "mean_pred_var": 0.01844456784427166,
  "mean_residual_sq": 0.014685433469712733,
  "z_noise_mean": -0.0008009267342276871,
  "z_noise_std": 0.8291659247875214,
  "coverage_noise@68": 0.7935294163227081,
  "coverage_noise@95": 0.9751960706710815,
  "mean_emp_noise_var": 0.010078396610915662
}