{
  "avg_mse_full": 0.011824432602152228,
  "coverage@68": 0.639705883860588,
  "coverage@95": 0.9217647016048431,
  "z_mean": -0.015731558925763237,
  "z_std": 1.1102772784233093,
  "z_abs_mean": 0.8881193840503693,
  "NLL_mean": -0.704908219575882,
  "mean_pred_var": 0.01201559125445783,
  "mean_residual_sq": 0.013616399224847555,
  "z_noise_mean": -0.003515303418535041,
  "z_noise_std": 0.9863140141963959,
  "coverage_noise@68": 0.6998039186000824,
  "coverage_noise@95": 0.9488235247135163,
  "mean_emp_noise_var": 0.010078396610915662
}