{
  "avg_mse_full": 0.024317915693913797,
  "coverage@68": 0.6473367627786131,
  "coverage@95": 0.756459219115121,
  "z_mean": -0.04052324161617732,
  "z_std": 3.7825909001486644,
  "z_abs_mean": 1.8683631480956564,
  "NLL_mean": 5.880487578483868,
  "mean_pred_var": 0.003513576700447165,
  "mean_residual_sq": 0.024384107355180443,
  "z_noise_mean": null,
  "z_noise_std": null,
  "coverage_noise@68": null,
  "coverage_noise@95": null,
  "mean_emp_noise_var": null
}