{
  "avg_mse_full": 0.07268175074108402,
  "coverage@68": 0.36434574181936225,
  "coverage@95": 0.6476590645556547,
  "z_mean": -0.6724412746309322,
  "z_std": 2.0441878644787534,
  "z_abs_mean": 1.7403239230720364,
  "NLL_mean": 1.274827049341889,
  "mean_pred_var": 0.0175347810192984,
  "mean_residual_sq": 0.08559502281096516,
  "z_noise_mean": 0.008959605576522763,
  "z_noise_std": 0.8538547219062338,
  "coverage_noise@68": 0.7763105229455598,
  "coverage_noise@95": 0.9748899486600137,
  "mean_emp_noise_var": 0.010175724219226715
}