{
  "avg_mse_full": 0.09360837168991566,
  "coverage@68": 0.3318627569079399,
  "coverage@95": 0.5692157059907913,
  "z_mean": 0.16303264528396538,
  "z_std": 2.8959747624397276,
  "z_abs_mean": 2.319091725349426,
  "NLL_mean": 3.730830598771572,
  "mean_pred_var": 0.01111733709461987,
  "mean_residual_sq": 0.09753642700612546,
  "z_noise_mean": -0.0003722699044737965,
  "z_noise_std": 1.0278879177570344,
  "coverage_noise@68": 0.6788235539197922,
  "coverage_noise@95": 0.9411765050888061,
  "mean_emp_noise_var": 0.010078396834433078
}