{
  "avg_mse_full": 0.003464830989417221,
  "coverage@68": 0.8334856927394867,
  "coverage@95": 0.961321405002049,
  "z_mean": -0.030547158759353415,
  "z_std": 0.8056516391890389,
  "z_abs_mean": 0.5167707673140934,
  "NLL_mean": -3.2771118198122298,
  "mean_pred_var": 0.002642324028004493,
  "mean_residual_sq": 0.00344876477694405,
  "z_noise_mean": null,
  "z_noise_std": null,
  "coverage_noise@68": null,
  "coverage_noise@95": null,
  "mean_emp_noise_var": null
}