{
  "avg_mse_full": 0.13093456930043745,
  "coverage@68": 0.5749214346311531,
  "coverage@95": 0.9176688157782262,
  "z_mean": 0.02156787990041229,
  "z_std": 1.1947764571832151,
  "z_abs_mean": 0.9781937769481114,
  "NLL_mean": 0.3539213532467886,
  "mean_pred_var": 0.10189301292507016,
  "mean_residual_sq": 0.1367895312759341,
  "z_noise_mean": 0.00043111098084966436,
  "z_noise_std": 0.25163448708398,
  "coverage_noise@68": 0.9917918626143007,
  "coverage_noise@95": 0.9999251560289033,
  "mean_emp_noise_var": 0.0025101109806980404
}