{
  "avg_mse_full": 0.20088122070443873,
  "coverage@68": 0.4938376545906067,
  "coverage@95": 0.8424480180351102,
  "z_mean": 0.017668107994927133,
  "z_std": 1.4118220903435532,
  "z_abs_mean": 1.1645281947388941,
  "NLL_mean": 0.6541140447465741,
  "mean_pred_var": 0.10126840155951831,
  "mean_residual_sq": 0.21187884725478232,
  "z_noise_mean": 0.0004455363020812855,
  "z_noise_std": 0.2524913911308561,
  "coverage_noise@68": 0.9914675269808088,
  "coverage_noise@95": 0.9999251560289033,
  "mean_emp_noise_var": 0.0025101109806980404
}