{
  "avg_mse_full": 0.008243154385127127,
  "coverage@68": 0.7660874873399734,
  "coverage@95": 0.8982624709606171,
  "z_mean": -0.0133291480015032,
  "z_std": 1.1372284293174744,
  "z_abs_mean": 0.6738656014204025,
  "NLL_mean": -2.8715739846229553,
  "mean_pred_var": 0.0032730778330005705,
  "mean_residual_sq": 0.00824315461795777,
  "z_noise_mean": null,
  "z_noise_std": null,
  "coverage_noise@68": null,
  "coverage_noise@95": null,
  "mean_emp_noise_var": null
}