{
  "avg_mse_full": 0.050046038346675537,
  "coverage@68": 0.5901500258843104,
  "coverage@95": 0.6915500334898631,
  "z_mean": -0.15442357805091889,
  "z_std": 3.5935249439875285,
  "z_abs_mean": 2.1288704721132916,
  "NLL_mean": 3.734847214234372,
  "mean_pred_var": 0.003279647071224948,
  "mean_residual_sq": 0.05468194900779053,
  "z_noise_mean": null,
  "z_noise_std": null,
  "coverage_noise@68": null,
  "coverage_noise@95": null,
  "mean_emp_noise_var": null
}