{
  "avg_mse_full": 0.03182042080288132,
  "coverage@68": 0.6194350302219391,
  "coverage@95": 0.7993000396092733,
  "z_mean": 0.07606480722199194,
  "z_std": 2.0387677745024364,
  "z_abs_mean": 1.291186852455139,
  "NLL_mean": -1.0091537679173053,
  "mean_pred_var": 0.0041078490810468795,
  "mean_residual_sq": 0.03227650846665104,
  "z_noise_mean": null,
  "z_noise_std": null,
  "coverage_noise@68": null,
  "coverage_noise@95": null,
  "mean_emp_noise_var": null
}