{
  "avg_mse_full": 9.089032564588707e-05,
  "coverage@68": 0.8434200400114059,
  "coverage@95": 0.951065040230751,
  "z_mean": 0.18740366824320517,
  "z_std": 0.7198065128922463,
  "z_abs_mean": 0.46915825247764587,
  "NLL_mean": -4.6538753819465635,
  "mean_pred_var": 5.6834713332136745e-05,
  "mean_residual_sq": 8.834290814775158e-05,
  "z_noise_mean": null,
  "z_noise_std": null,
  "coverage_noise@68": null,
  "coverage_noise@95": null,
  "mean_emp_noise_var": null
}