{
  "avg_mse_full": 0.06869249015438314,
  "coverage@68": 0.6628571773061946,
  "coverage@95": 0.8041428935771086,
  "z_mean": -0.10798014912454944,
  "z_std": 1.9162307770884768,
  "z_abs_mean": 1.1687858335825863,
  "NLL_mean": -0.7255765889980355,
  "mean_pred_var": 0.011014375493538623,
  "mean_residual_sq": 0.06980238309396165,
  "z_noise_mean": null,
  "z_noise_std": null,
  "coverage_noise@68": null,
  "coverage_noise@95": null,
  "mean_emp_noise_var": null
}