{
  "avg_mse_full": 0.5205471811609136,
  "coverage@68": 0.47469797880962644,
  "coverage@95": 0.689839593087784,
  "z_mean": 0.06795805664215651,
  "z_std": 2.367006605321711,
  "z_abs_mean": 1.9296339819527635,
  "NLL_mean": 3.751044169985548,
  "mean_pred_var": 0.05727304557733463,
  "mean_residual_sq": 0.5112431971544419,
  "z_noise_mean": 0.0016247517572753507,
  "z_noise_std": 0.5552567908860216,
  "coverage_noise@68": 0.9211725399951742,
  "coverage_noise@95": 0.9934145483103666,
  "mean_emp_noise_var": 0.01012656915782377
}