{
  "avg_mse_full": 0.03761124075865563,
  "coverage@68": 0.5033681176754893,
  "coverage@95": 0.7507360249149556,
  "z_mean": 0.07347996017898015,
  "z_std": 1.8340042695707204,
  "z_abs_mean": 1.4156198720542752,
  "NLL_mean": 0.5941594442998877,
  "mean_pred_var": 0.015423475916744495,
  "mean_residual_sq": 0.038937767568443506,
  "z_noise_mean": 0.001454981893291507,
  "z_noise_std": 0.599023201027695,
  "coverage_noise@68": 0.9087620778959624,
  "coverage_noise@95": 0.9891223420902174,
  "mean_emp_noise_var": 0.0025101109806980404
}