{
  "avg_mse_full": 0.015881377381595726,
  "coverage@68": 0.638770549881215,
  "coverage@95": 0.7632192324618904,
  "z_mean": 0.1555334151703484,
  "z_std": 2.1137426240103587,
  "z_abs_mean": 1.3538434286506809,
  "NLL_mean": 0.400544490361092,
  "mean_pred_var": 0.0029299573317094116,
  "mean_residual_sq": 0.015824452836104497,
  "z_noise_mean": null,
  "z_noise_std": null,
  "coverage_noise@68": null,
  "coverage_noise@95": null,
  "mean_emp_noise_var": null
}