{
  "avg_mse_full": 0.04465832631809242,
  "coverage@68": 0.5336205378325298,
  "coverage@95": 0.8143196966913011,
  "z_mean": -0.23099404058155765,
  "z_std": 1.4421396327741218,
  "z_abs_mean": 1.2050268072070498,
  "NLL_mean": 0.26367945867505943,
  "mean_pred_var": 0.02516951657022641,
  "mean_residual_sq": 0.04808926065875725,
  "z_noise_mean": 0.001541625678796801,
  "z_noise_std": 0.7579700152079264,
  "coverage_noise@68": 0.8233313831416044,
  "coverage_noise@95": 0.979104797647457,
  "mean_emp_noise_var": 0.01012656915782377
}