{
  "avg_mse_full": 0.47562004666775465,
  "coverage@68": 0.18745098426938056,
  "coverage@95": 0.33490196377038955,
  "z_mean": 0.12283673235215246,
  "z_std": 6.848977982997894,
  "z_abs_mean": 5.278697361946106,
  "NLL_mean": 24.589770747423174,
  "mean_pred_var": 0.01156407150439918,
  "mean_residual_sq": 0.4814955631643534,
  "z_noise_mean": -0.002170123983960366,
  "z_noise_std": 1.0231841647624969,
  "coverage_noise@68": 0.6853921604156494,
  "coverage_noise@95": 0.942941175699234,
  "mean_emp_noise_var": 0.010078396610915662
}