{
  "lambda_true": [
    "(-0.01+2.0j)",
    "(-0.05+4.0j)",
    "(-0.2+1.0j)",
    "(-0.01+0.3j)"
  ],
  "mode_cosine_mean": 0.5814216732978821,
  "mode_cosines_each": [
    0.23919677734375,
    0.9835821390151978,
    0.9581668972969055,
    0.14474089443683624
  ],
  "mode_perm_true_index_for_each_learned": [
    2,
    0,
    1,
    3
  ],
  "mode_phases_rad": [
    -0.4877256155014038,
    1.583867073059082,
    1.5437960624694824,
    -2.2374982833862305
  ],
  "lambda_enc_median": [
    "(-0.010080093517899513+1.7890586853027344j)",
    "(-0.001009979285299778+1.9234206676483154j)",
    "(-0.0010156813077628613+1.7393856048583984j)",
    "(-0.07992736250162125-0.8664596080780029j)"
  ],
  "lambda_enc_time_std": [
    0.5218871235847473,
    1.8822933435440063,
    1.1696574687957764,
    0.6271820664405823
  ],
  "lambda_from_phi": [
    "(-0.28385627269744873+2.1120293140411377j)",
    "(-0.07191326469182968+2.4569942951202393j)",
    "(0.5923022031784058+2.17301082611084j)",
    "(-0.3885231912136078+1.827376127243042j)"
  ],
  "lambda_error_abs_enc_vs_true_each": [
    0.2109413299028487,
    2.0771571307149093,
    0.765693040165074,
    1.1685537442941687
  ],
  "lambda_error_abs_enc_vs_true_mean": 1.0555863112692503,
  "lambda_match_true_index_for_each_learned": [
    0,
    1,
    2,
    3
  ],
  "lambda_error_abs_phi_vs_true_each": [
    0.29588481762379637,
    1.5431612995603996,
    1.9674698215428799,
    0.848582494255601
  ],
  "lambda_error_abs_phi_vs_true_mean": 1.1637746082456693,
  "lambda_enc_vs_phi_absdiff": [
    0.4233951270580292,
    0.5382639169692993,
    0.7348856329917908,
    2.711453914642334
  ],
  "A_offdiag_energy": 0.23681315779685974,
  "A_rel_err_to_ideal_diag": 0.5225646495819092,
  "residual_ratio_median": 0.18684062361717224,
  "residual_ratio_p90": 1.1475034952163696
}