{
  "avg_mse_full": 0.03709654988987105,
  "coverage@68": 0.670068052958469,
  "coverage@95": 0.929071666026602,
  "z_mean": -0.0014305557789547102,
  "z_std": 1.0686874085543108,
  "z_abs_mean": 0.8493751384774033,
  "NLL_mean": -0.2682138791079728,
  "mean_pred_var": 0.04265125673644397,
  "mean_residual_sq": 0.03994509687989342,
  "z_noise_mean": null,
  "z_noise_std": null,
  "coverage_noise@68": null,
  "coverage_noise@95": null,
  "mean_emp_noise_var": null
}