{
  "avg_mse_full": 0.0024074542820833773,
  "coverage@68": 0.8326543387101621,
  "coverage@95": 0.9671077618793565,
  "z_mean": 0.06397473794047018,
  "z_std": 0.7473765562991707,
  "z_abs_mean": 0.45357171005132246,
  "NLL_mean": -1.7045842311820205,
  "mean_pred_var": 0.0032880443043778744,
  "mean_residual_sq": 0.0023159029922086975,
  "z_noise_mean": null,
  "z_noise_std": null,
  "coverage_noise@68": null,
  "coverage_noise@95": null,
  "mean_emp_noise_var": null
}