{
  "avg_mse_full": 0.06392270104028284,
  "coverage@68": 0.42921568632125856,
  "coverage@95": 0.7149019628763199,
  "z_mean": 0.24101404456421732,
  "z_std": 2.141509975194931,
  "z_abs_mean": 1.7103180372714997,
  "NLL_mean": 1.7617411102354525,
  "mean_pred_var": 0.013536324994638561,
  "mean_residual_sq": 0.06848110374063253,
  "z_noise_mean": -0.00018232843605801464,
  "z_noise_std": 0.9259989643096924,
  "coverage_noise@68": 0.7287254905700684,
  "coverage_noise@95": 0.9623529350757599,
  "mean_emp_noise_var": 0.010078396610915662
}