{
  "avg_mse_full": 0.37391679037851516,
  "coverage@68": 0.1949040511942873,
  "coverage@95": 0.4642777978771865,
  "z_mean": 14.904901456652265,
  "z_std": 67.73519155232593,
  "z_abs_mean": 17.9449141194122,
  "NLL_mean": 3012.8510698951554,
  "mean_pred_var": 0.013174054965452112,
  "mean_residual_sq": 0.33741836343901327,
  "z_noise_mean": null,
  "z_noise_std": null,
  "coverage_noise@68": null,
  "coverage_noise@95": null,
  "mean_emp_noise_var": null
}