{
  "avg_mse_full": 0.0050622953330071606,
  "coverage@68": 0.700019680723852,
  "coverage@95": 0.8443914919483418,
  "z_mean": 0.4557824615693214,
  "z_std": 1.4231601345295808,
  "z_abs_mean": 0.9662314860188231,
  "NLL_mean": -1.2614587746484547,
  "mean_pred_var": 0.0013718400530669155,
  "mean_residual_sq": 0.0051175712902403,
  "z_noise_mean": null,
  "z_noise_std": null,
  "coverage_noise@68": null,
  "coverage_noise@95": null,
  "mean_emp_noise_var": null
}