{
  "avg_mse_full": 0.032126342644914985,
  "coverage@68": 0.7542217032114664,
  "coverage@95": 0.9340567088127136,
  "z_mean": -0.19621591290303816,
  "z_std": 0.9434142005443573,
  "z_abs_mean": 0.6348533590634664,
  "NLL_mean": -1.711402059396108,
  "mean_pred_var": 0.028831087189416092,
  "mean_residual_sq": 0.033088684733957055,
  "z_noise_mean": null,
  "z_noise_std": null,
  "coverage_noise@68": null,
  "coverage_noise@95": null,
  "mean_emp_noise_var": null
}