{
  "avg_mse_full": 0.02992716897279024,
  "coverage@68": 0.6178000390529632,
  "coverage@95": 0.7108500361442566,
  "z_mean": -0.011716136243194342,
  "z_std": 3.6092449188232423,
  "z_abs_mean": 1.9831981420516969,
  "NLL_mean": 3.453184774518013,
  "mean_pred_var": 0.003196971374563873,
  "mean_residual_sq": 0.03038662448525429,
  "z_noise_mean": null,
  "z_noise_std": null,
  "coverage_noise@68": null,
  "coverage_noise@95": null,
  "mean_emp_noise_var": null
}