{
  "avg_mse_full": 0.07311673888138362,
  "coverage@68": 0.5759796159608024,
  "coverage@95": 0.7012245241476565,
  "z_mean": 0.06987791166792871,
  "z_std": 3.1798665377558493,
  "z_abs_mean": 1.7632761877410266,
  "NLL_mean": 2.1886274997068913,
  "mean_pred_var": 0.007715411484241486,
  "mean_residual_sq": 0.08127195851839318,
  "z_noise_mean": null,
  "z_noise_std": null,
  "coverage_noise@68": null,
  "coverage_noise@95": null,
  "mean_emp_noise_var": null
}