{
  "avg_mse_full": 0.04545333981513977,
  "coverage@68": 0.7926170759055079,
  "coverage@95": 0.9700880598048774,
  "z_mean": 0.11387954449889306,
  "z_std": 0.8300997712174241,
  "z_abs_mean": 0.6629368498617288,
  "NLL_mean": -0.1412825583271226,
  "mean_pred_var": 0.08198727416444798,
  "mean_residual_sq": 0.04118713645302519,
  "z_noise_mean": null,
  "z_noise_std": null,
  "coverage_noise@68": null,
  "coverage_noise@95": null,
  "mean_emp_noise_var": null
}