{
  "avg_mse_full": 0.13230085566715158,
  "coverage@68": 0.337570724463222,
  "coverage@95": 0.49557073248757255,
  "z_mean": 26.075952866462746,
  "z_std": 102.16290743904885,
  "z_abs_mean": 26.80962796885558,
  "NLL_mean": 7379.313237844091,
  "mean_pred_var": 0.00955671907374353,
  "mean_residual_sq": 0.1262204750920787,
  "z_noise_mean": null,
  "z_noise_std": null,
  "coverage_noise@68": null,
  "coverage_noise@95": null,
  "mean_emp_noise_var": null
}