{
  "avg_mse_full": 0.04191424921154976,
  "coverage@68": 0.7451367024580637,
  "coverage@95": 0.8829767076174418,
  "z_mean": -0.017374537691939623,
  "z_std": 1.320807386636734,
  "z_abs_mean": 0.7924593716859818,
  "NLL_mean": -1.7696697756213446,
  "mean_pred_var": 0.011112742808957894,
  "mean_residual_sq": 0.04162507316408058,
  "z_noise_mean": null,
  "z_noise_std": null,
  "coverage_noise@68": null,
  "coverage_noise@95": null,
  "mean_emp_noise_var": null
}