{
  "avg_mse_full": 0.022957313482706646,
  "coverage@68": 0.7047245234859233,
  "coverage@95": 0.8264388137934159,
  "z_mean": 0.02584518846694608,
  "z_std": 2.5945430434480006,
  "z_abs_mean": 1.189501162694425,
  "NLL_mean": 1.159046507915672,
  "mean_pred_var": 0.005612206094119014,
  "mean_residual_sq": 0.02289913301071038,
  "z_noise_mean": null,
  "z_noise_std": null,
  "coverage_noise@68": null,
  "coverage_noise@95": null,
  "mean_emp_noise_var": null
}