{
  "avg_mse_full": 0.3354232398048043,
  "coverage@68": 0.2867647108435631,
  "coverage@95": 0.4957843190431595,
  "z_mean": 0.2137438015639782,
  "z_std": 3.681772140264511,
  "z_abs_mean": 3.0315356731414793,
  "NLL_mean": 7.378665360212326,
  "mean_pred_var": 0.018603411931544543,
  "mean_residual_sq": 0.35339704092592,
  "z_noise_mean": -0.0019282972917426377,
  "z_noise_std": 0.8273050653934478,
  "coverage_noise@68": 0.7928431379795075,
  "coverage_noise@95": 0.9764705789089203,
  "mean_emp_noise_var": 0.010078396610915662
}