{
  "avg_mse_full": 0.005042992695234716,
  "coverage@68": 0.6741400849819184,
  "coverage@95": 0.8185228037834168,
  "z_mean": 0.21992978036403657,
  "z_std": 1.4815618705749511,
  "z_abs_mean": 1.0143962693214417,
  "NLL_mean": -1.0999292546510697,
  "mean_pred_var": 0.0015837021288461982,
  "mean_residual_sq": 0.005020153932273388,
  "z_noise_mean": null,
  "z_noise_std": null,
  "coverage_noise@68": null,
  "coverage_noise@95": null,
  "mean_emp_noise_var": null
}