{
  "avg_mse_full": 0.10655989332542735,
  "coverage@68": 0.31192478111812044,
  "coverage@95": 0.547318946342079,
  "z_mean": -0.8868944048881531,
  "z_std": 3.348780014077011,
  "z_abs_mean": 2.621455649940335,
  "NLL_mean": 5.266154430958689,
  "mean_pred_var": 0.010063809019570448,
  "mean_residual_sq": 0.12068556146506144,
  "z_noise_mean": 0.009428890718964442,
  "z_noise_std": 1.0556209561776142,
  "coverage_noise@68": 0.6672669320690389,
  "coverage_noise@95": 0.9373749883807435,
  "mean_emp_noise_var": 0.010175724589855087
}