{
  "avg_mse_full": 0.8265241872180592,
  "coverage@68": 0.1653484928638044,
  "coverage@95": 0.3180151663795866,
  "z_mean": 11.058307501402767,
  "z_std": 47.35896439985795,
  "z_abs_mean": 14.119583173231645,
  "NLL_mean": 1454.7260402164827,
  "mean_pred_var": 0.023296102251142564,
  "mean_residual_sq": 0.7514562705400014,
  "z_noise_mean": null,
  "z_noise_std": null,
  "coverage_noise@68": null,
  "coverage_noise@95": null,
  "mean_emp_noise_var": null
}