{
  "avg_mse_full": 0.01709570893447618,
  "coverage@68": 0.584226515220136,
  "coverage@95": 0.7854999790386278,
  "z_mean": -0.19088894771221948,
  "z_std": 2.264999516156255,
  "z_abs_mean": 1.275356253799127,
  "NLL_mean": -0.5292412940678852,
  "mean_pred_var": 0.004380490250733434,
  "mean_residual_sq": 0.01713725953001757,
  "z_noise_mean": null,
  "z_noise_std": null,
  "coverage_noise@68": null,
  "coverage_noise@95": null,
  "mean_emp_noise_var": null
}