{
  "avg_mse_full": 0.00904947348171845,
  "coverage@68": 0.6047924572229385,
  "coverage@95": 0.7864041793346405,
  "z_mean": 0.2822016716841608,
  "z_std": 1.942057112455368,
  "z_abs_mean": 1.3430886137485505,
  "NLL_mean": -0.4831117980182171,
  "mean_pred_var": 0.0013659468572586775,
  "mean_residual_sq": 0.008994022111874073,
  "z_noise_mean": null,
  "z_noise_std": null,
  "coverage_noise@68": null,
  "coverage_noise@95": null,
  "mean_emp_noise_var": null
}