{
  "avg_mse_full": 0.06089272616165025,
  "coverage@68": 0.628897990499224,
  "coverage@95": 0.7260102362048869,
  "z_mean": -0.159587142779967,
  "z_std": 2.8087343658719743,
  "z_abs_mean": 1.6095111053817126,
  "NLL_mean": 0.7943617679055172,
  "mean_pred_var": 0.003497883230827901,
  "mean_residual_sq": 0.06321909896345163,
  "z_noise_mean": null,
  "z_noise_std": null,
  "coverage_noise@68": null,
  "coverage_noise@95": null,
  "mean_emp_noise_var": null
}