{
  "avg_mse_full": 0.08938035277687774,
  "coverage@68": 0.5097244777241532,
  "coverage@95": 0.637304066395273,
  "z_mean": -0.05248219367800927,
  "z_std": 3.790014009086453,
  "z_abs_mean": 2.2920652433317534,
  "NLL_mean": 4.210893962456256,
  "mean_pred_var": 0.004514053387909519,
  "mean_residual_sq": 0.09123782608277943,
  "z_noise_mean": null,
  "z_noise_std": null,
  "coverage_noise@68": null,
  "coverage_noise@95": null,
  "mean_emp_noise_var": null
}