{
  "avg_mse_full": 0.05471398346886343,
  "coverage@68": 0.5658520715577262,
  "coverage@95": 0.6350765641854734,
  "z_mean": -0.31186114237833845,
  "z_std": 5.571863787514823,
  "z_abs_mean": 3.1599634180263596,
  "NLL_mean": 12.163891344654317,
  "mean_pred_var": 0.003947932092586951,
  "mean_residual_sq": 0.05654937880379813,
  "z_noise_mean": null,
  "z_noise_std": null,
  "coverage_noise@68": null,
  "coverage_noise@95": null,
  "mean_emp_noise_var": null
}