{
  "avg_mse_full": 0.004087951483338007,
  "coverage@68": 0.8155999779701233,
  "coverage@95": 0.953035695212228,
  "z_mean": 0.05366201166595731,
  "z_std": 0.8633465000561306,
  "z_abs_mean": 0.5704207739659718,
  "NLL_mean": -3.2287353106907437,
  "mean_pred_var": 0.0026261664793959688,
  "mean_residual_sq": 0.004051431348281247,
  "z_noise_mean": null,
  "z_noise_std": null,
  "coverage_noise@68": null,
  "coverage_noise@95": null,
  "mean_emp_noise_var": null
}