{
  "avg_mse_full": 0.006056542026344687,
  "coverage@68": 0.7908800387382507,
  "coverage@95": 0.9238800477981567,
  "z_mean": 0.8497018867009319,
  "z_std": 2.2939000126719473,
  "z_abs_mean": 1.4104534912109374,
  "NLL_mean": 11.353621278703212,
  "mean_pred_var": 0.00397538524819538,
  "mean_residual_sq": 0.005129658291407395,
  "z_noise_mean": null,
  "z_noise_std": null,
  "coverage_noise@68": null,
  "coverage_noise@95": null,
  "mean_emp_noise_var": null
}