{
  "avg_mse_full": 0.9524205875291367,
  "coverage@68": 0.32607943128154737,
  "coverage@95": 0.5351059805564206,
  "z_mean": 0.59334458052557,
  "z_std": 3.961071745313779,
  "z_abs_mean": 3.279905808092368,
  "NLL_mean": 11.677951928304575,
  "mean_pred_var": 0.026382525376222953,
  "mean_residual_sq": 0.9550469166062998,
  "z_noise_mean": 0.0018649038340134377,
  "z_noise_std": 1.0309947960906558,
  "coverage_noise@68": 0.7463111784121003,
  "coverage_noise@95": 0.9277084885221539,
  "mean_emp_noise_var": 0.010028870889183247
}