{
  "avg_mse_full": 2.5303990007623245,
  "coverage@68": 0.4450464418255969,
  "coverage@95": 0.5219298305333053,
  "z_mean": 6.765302362165561,
  "z_std": 19.029076923665247,
  "z_abs_mean": 15.958626768306681,
  "NLL_mean": 1225.2883483328317,
  "mean_pred_var": 39.68207253000238,
  "mean_residual_sq": 2.6478039918369367,
  "z_noise_mean": -0.01853267747432447,
  "z_noise_std": 2.3793155201955845,
  "coverage_noise@68": 0.7737358163454031,
  "coverage_noise@95": 0.853457184214341,
  "mean_emp_noise_var": 0.009811958641205964
}