{
  "avg_mse_full": 0.04520611362341715,
  "coverage@68": 0.6828673798210767,
  "coverage@95": 0.8363571848188128,
  "z_mean": 0.08961863025110595,
  "z_std": 1.780347425110486,
  "z_abs_mean": 0.9111413019044059,
  "NLL_mean": -0.9120811302956118,
  "mean_pred_var": 0.02418303763379856,
  "mean_residual_sq": 0.04967696987548653,
  "z_noise_mean": null,
  "z_noise_std": null,
  "coverage_noise@68": null,
  "coverage_noise@95": null,
  "mean_emp_noise_var": null
}