{
  "avg_mse_full": 0.002791628318373114,
  "coverage@68": 0.8139072358608246,
  "coverage@95": 0.9537546122074128,
  "z_mean": 0.09318135947920382,
  "z_std": 0.8457634770870208,
  "z_abs_mean": 0.5565276277065277,
  "NLL_mean": -1.6640465879440307,
  "mean_pred_var": 0.0029867543978616597,
  "mean_residual_sq": 0.0026979583175852895,
  "z_noise_mean": null,
  "z_noise_std": null,
  "coverage_noise@68": null,
  "coverage_noise@95": null,
  "mean_emp_noise_var": null
}