{
  "avg_mse_full": 0.4961691797539896,
  "coverage@68": 0.1821728731904711,
  "coverage@95": 0.34913965846811024,
  "z_mean": -0.3100042826286992,
  "z_std": 4.75533693663928,
  "z_abs_mean": 3.891446130616324,
  "NLL_mean": 11.058637738684002,
  "mean_pred_var": 0.01813452206171897,
  "mean_residual_sq": 0.5105286183557949,
  "z_noise_mean": 0.008316667850262352,
  "z_noise_std": 0.8447994991224639,
  "coverage_noise@68": 0.7849139668503586,
  "coverage_noise@95": 0.9741896695020248,
  "mean_emp_noise_var": 0.010175724219226715
}