{
  "avg_mse_full": 0.0024719903868033874,
  "coverage@68": 0.7793159010458965,
  "coverage@95": 0.9245305852014192,
  "z_mean": -0.03905587572822994,
  "z_std": 0.995001498533755,
  "z_abs_mean": 0.6148580422206801,
  "NLL_mean": -1.874103465858771,
  "mean_pred_var": 0.0016668949333228627,
  "mean_residual_sq": 0.0024900678687785963,
  "z_noise_mean": null,
  "z_noise_std": null,
  "coverage_noise@68": null,
  "coverage_noise@95": null,
  "mean_emp_noise_var": null
}