{
  "avg_mse_full": 1.9181132508175713,
  "coverage@68": 0.11614646253233053,
  "coverage@95": 0.22268908212379535,
  "z_mean": 0.3032481604236729,
  "z_std": 6.633814836034969,
  "z_abs_mean": 5.697588463218844,
  "NLL_mean": 23.57031082377142,
  "mean_pred_var": 0.03797916794309811,
  "mean_residual_sq": 1.9712639663900648,
  "z_noise_mean": 0.007859460258742377,
  "z_noise_std": 0.7777124339220475,
  "coverage_noise@68": 0.8520408503863276,
  "coverage_noise@95": 0.9701881141078715,
  "mean_emp_noise_var": 0.010175724589855087
}