{
  "avg_mse_full": 0.4107642216980457,
  "coverage@68": 0.20382353276014328,
  "coverage@95": 0.3868627458810806,
  "z_mean": 0.36509751349687575,
  "z_std": 4.787713668346405,
  "z_abs_mean": 3.7543656539916994,
  "NLL_mean": 11.099718815311789,
  "mean_pred_var": 0.01717314399778843,
  "mean_residual_sq": 0.4235526771098375,
  "z_noise_mean": -0.0036803908087313176,
  "z_noise_std": 0.8316543340682984,
  "coverage_noise@68": 0.7825490188598633,
  "coverage_noise@95": 0.977647055387497,
  "mean_emp_noise_var": 0.010078396610915662
}