{
  "avg_mse_full": 0.47102076936550813,
  "coverage@68": 0.247524265839596,
  "coverage@95": 0.4327589622651688,
  "z_mean": 0.19279406766049714,
  "z_std": 5.137607207201948,
  "z_abs_mean": 3.8794547596363107,
  "NLL_mean": 14.291287158098486,
  "mean_pred_var": 0.01885582512301026,
  "mean_residual_sq": 0.4713411152155863,
  "z_noise_mean": 0.0014536470613404733,
  "z_noise_std": 0.8716391409286345,
  "coverage_noise@68": 0.77644088232156,
  "coverage_noise@95": 0.9685086072093309,
  "mean_emp_noise_var": 0.0101265689320486
}