{
  "avg_mse_full": 0.15949008978828036,
  "coverage@68": 0.4335016841539229,
  "coverage@95": 0.714547434539506,
  "z_mean": 0.3527350230142474,
  "z_std": 2.8162447442912093,
  "z_abs_mean": 1.8126720990797487,
  "NLL_mean": 3.41270068306664,
  "mean_pred_var": 0.02052149678006618,
  "mean_residual_sq": 0.15368067439306865,
  "z_noise_mean": 0.003652617637528991,
  "z_noise_std": 0.8223807890005786,
  "coverage_noise@68": 0.7946623094154127,
  "coverage_noise@95": 0.9746484401250126,
  "mean_emp_noise_var": 0.01012656887090116
}