{
  "avg_mse_full": 0.06392880194649404,
  "coverage@68": 0.3471388576590285,
  "coverage@95": 0.6062424985729918,
  "z_mean": -0.6340248300503863,
  "z_std": 2.7203893126273644,
  "z_abs_mean": 2.1400548925205154,
  "NLL_mean": 2.770811556553354,
  "mean_pred_var": 0.008915000519126045,
  "mean_residual_sq": 0.07050784217307762,
  "z_noise_mean": 0.009760690007206738,
  "z_noise_std": 1.1172669955662318,
  "coverage_noise@68": 0.6387554991001986,
  "coverage_noise@95": 0.9225690243195515,
  "mean_emp_noise_var": 0.010175724219226715
}