{
  "avg_mse_full": 0.0027790837571956216,
  "coverage@68": 0.8148962497711182,
  "coverage@95": 0.9542185950279236,
  "z_mean": 0.08897602032870054,
  "z_std": 0.8444474804401397,
  "z_abs_mean": 0.5552766680717468,
  "NLL_mean": -1.6659367299079895,
  "mean_pred_var": 0.0029876343859359623,
  "mean_residual_sq": 0.0026851909328252078,
  "z_noise_mean": null,
  "z_noise_std": null,
  "coverage_noise@68": null,
  "coverage_noise@95": null,
  "mean_emp_noise_var": null
}