{
  "avg_mse_full": 0.0003217019130763794,
  "coverage@68": 0.7903024773848685,
  "coverage@95": 0.9482614617598685,
  "z_mean": -0.057885240812442805,
  "z_std": 0.708701878786087,
  "z_abs_mean": 0.6140457030973936,
  "NLL_mean": -3.200899748425735,
  "mean_pred_var": 0.0005123822193127126,
  "mean_residual_sq": 0.0003217019080980926,
  "z_noise_mean": null,
  "z_noise_std": null,
  "coverage_noise@68": null,
  "coverage_noise@95": null,
  "mean_emp_noise_var": null
}