{
  "avg_mse_full": 0.39364500269293784,
  "coverage@68": 0.1721568685770035,
  "coverage@95": 0.3174509909749031,
  "z_mean": 0.19349909957498312,
  "z_std": 6.322165124416351,
  "z_abs_mean": 4.974547774791717,
  "NLL_mean": 19.669722643494605,
  "mean_pred_var": 0.009690054738894106,
  "mean_residual_sq": 0.39984555035829544,
  "z_noise_mean": -0.0023052109267155175,
  "z_noise_std": 1.0522653341293335,
  "coverage_noise@68": 0.6629412007331849,
  "coverage_noise@95": 0.9408823895454407,
  "mean_emp_noise_var": 0.010078396834433078
}