{
  "avg_mse_full": 0.0006916740002404703,
  "coverage@68": 0.9295140316611842,
  "coverage@95": 0.9934724506578947,
  "z_mean": 0.048370048177036405,
  "z_std": 0.486757755279541,
  "z_abs_mean": 0.320010969513341,
  "NLL_mean": -2.868133783340454,
  "mean_pred_var": 0.0005414700625758422,
  "mean_residual_sq": 0.00017056281917336347,
  "z_noise_mean": null,
  "z_noise_std": null,
  "coverage_noise@68": null,
  "coverage_noise@95": null,
  "mean_emp_noise_var": null
}