{
  "avg_mse_full": 0.5983120012614462,
  "coverage@68": 0.06706060911293583,
  "coverage@95": 0.1704697050906793,
  "z_mean": -53.44109731731993,
  "z_std": 586.7995423596315,
  "z_abs_mean": 124.01082437688655,
  "NLL_mean": 189714.8760061553,
  "mean_pred_var": 0.0001257682243253885,
  "mean_residual_sq": 0.6354461882000018,
  "z_noise_mean": null,
  "z_noise_std": null,
  "coverage_noise@68": null,
  "coverage_noise@95": null,
  "mean_emp_noise_var": null
}