{
  "avg_mse_full": 0.07750097810461813,
  "coverage@68": 0.3624449801080081,
  "coverage@95": 0.6323529390656218,
  "z_mean": -0.2676674112373469,
  "z_std": 2.557413230136949,
  "z_abs_mean": 2.0145036383550994,
  "NLL_mean": 2.4759455952717335,
  "mean_pred_var": 0.011702870902586348,
  "mean_residual_sq": 0.07949876648430922,
  "z_noise_mean": 0.00875796671429345,
  "z_noise_std": 1.0063883723044882,
  "coverage_noise@68": 0.6943777531993632,
  "coverage_noise@95": 0.9477791092833694,
  "mean_emp_noise_var": 0.010175724219226715
}