{
  "avg_mse_full": 0.01345685909036547,
  "coverage@68": 0.6966499865055085,
  "coverage@95": 0.8301349699497222,
  "z_mean": 0.05377011622767895,
  "z_std": 2.9585607767105104,
  "z_abs_mean": 1.1698702335357667,
  "NLL_mean": 0.8661595702171325,
  "mean_pred_var": 0.0025565969990566373,
  "mean_residual_sq": 0.01345685909036547,
  "z_noise_mean": null,
  "z_noise_std": null,
  "coverage_noise@68": null,
  "coverage_noise@95": null,
  "mean_emp_noise_var": null
}