{
  "avg_mse_full": 0.016770513244121085,
  "coverage@68": 0.699052942177606,
  "coverage@95": 0.8346719975193972,
  "z_mean": 0.11980961543315696,
  "z_std": 2.427762510284545,
  "z_abs_mean": 1.1792261846481809,
  "NLL_mean": 0.782893685643714,
  "mean_pred_var": 0.0031882303670817424,
  "mean_residual_sq": 0.01613129126758034,
  "z_noise_mean": null,
  "z_noise_std": null,
  "coverage_noise@68": null,
  "coverage_noise@95": null,
  "mean_emp_noise_var": null
}