{
  "avg_mse_full": 0.016035390618656362,
  "coverage@68": 0.6368082214374932,
  "coverage@95": 0.7617739670130671,
  "z_mean": 0.14804842231833204,
  "z_std": 2.1300011021750316,
  "z_abs_mean": 1.3556820652922805,
  "NLL_mean": 0.44290074059853746,
  "mean_pred_var": 0.002918811125338686,
  "mean_residual_sq": 0.015980771947081904,
  "z_noise_mean": null,
  "z_noise_std": null,
  "coverage_noise@68": null,
  "coverage_noise@95": null,
  "mean_emp_noise_var": null
}