{
  "avg_mse_full": 0.817026146516508,
  "coverage@68": 0.1257503034204853,
  "coverage@95": 0.23679472201940965,
  "z_mean": -1.851279589594627,
  "z_std": 6.490157745322403,
  "z_abs_mean": 5.5684536038612835,
  "NLL_mean": 23.387428405333537,
  "mean_pred_var": 0.01570090134533084,
  "mean_residual_sq": 0.8826578253385972,
  "z_noise_mean": 0.009638388573170677,
  "z_noise_std": 0.949738259218177,
  "coverage_noise@68": 0.7370948341428017,
  "coverage_noise@95": 0.9558823522256346,
  "mean_emp_noise_var": 0.010175724219226715
}