{
  "avg_mse_full": 0.23810498803853988,
  "coverage@68": 0.33558824807405474,
  "coverage@95": 0.562254918217659,
  "z_mean": 0.0024244198948144913,
  "z_std": 3.50618670463562,
  "z_abs_mean": 2.6147297537326812,
  "NLL_mean": 6.3130811131000515,
  "mean_pred_var": 0.02280733546242118,
  "mean_residual_sq": 0.2480453678406775,
  "z_noise_mean": -0.002653705817647278,
  "z_noise_std": 0.7964603388309479,
  "coverage_noise@68": 0.8012745356559754,
  "coverage_noise@95": 0.9804902267456055,
  "mean_emp_noise_var": 0.010078396834433078
}