{
  "avg_mse_full": 0.014332170334334175,
  "coverage@68": 0.7804233705997468,
  "coverage@95": 0.9240133762359619,
  "z_mean": 0.02581878090587755,
  "z_std": 1.0295893641312917,
  "z_abs_mean": 0.6273724861939748,
  "NLL_mean": -2.4771667159100375,
  "mean_pred_var": 0.009624794057259956,
  "mean_residual_sq": 0.014285094471027453,
  "z_noise_mean": null,
  "z_noise_std": null,
  "coverage_noise@68": null,
  "coverage_noise@95": null,
  "mean_emp_noise_var": null
}