{
  "avg_mse_full": 0.0063296278406466755,
  "coverage@68": 0.8490285532815116,
  "coverage@95": 0.9766856942858014,
  "z_mean": -0.10970730986446142,
  "z_std": 0.6985206327268055,
  "z_abs_mean": 0.5091261054788317,
  "NLL_mean": -3.177839994430542,
  "mean_pred_var": 0.007090453091742737,
  "mean_residual_sq": 0.0063196282966860706,
  "z_noise_mean": null,
  "z_noise_std": null,
  "coverage_noise@68": null,
  "coverage_noise@95": null,
  "mean_emp_noise_var": null
}