{
  "avg_mse_full": 0.052846723939387164,
  "coverage@68": 0.7189184025842317,
  "coverage@95": 0.8708367785628961,
  "z_mean": -0.044577030255934416,
  "z_std": 1.3002247068346764,
  "z_abs_mean": 0.7417899455342974,
  "NLL_mean": -2.1102655201542135,
  "mean_pred_var": 0.016578790161530584,
  "mean_residual_sq": 0.057894296564009726,
  "z_noise_mean": null,
  "z_noise_std": null,
  "coverage_noise@68": null,
  "coverage_noise@95": null,
  "mean_emp_noise_var": null
}