{
  "avg_mse_full": 0.04676864030105727,
  "coverage@68": 0.760744934179345,
  "coverage@95": 0.9215765753570868,
  "z_mean": -0.03728913618916912,
  "z_std": 1.020213718316993,
  "z_abs_mean": 0.6335844580008059,
  "NLL_mean": -1.6313285633009307,
  "mean_pred_var": 0.029600732522655507,
  "mean_residual_sq": 0.04850064985910241,
  "z_noise_mean": null,
  "z_noise_std": null,
  "coverage_noise@68": null,
  "coverage_noise@95": null,
  "mean_emp_noise_var": null
}