{
  "avg_mse_full": 0.017433062409982086,
  "coverage@68": 0.6064705920219421,
  "coverage@95": 0.8990196025371552,
  "z_mean": 0.23323370866477489,
  "z_std": 1.0965489029884339,
  "z_abs_mean": 0.9564584028720856,
  "NLL_mean": -0.4829507372435182,
  "mean_pred_var": 0.015355791989713907,
  "mean_residual_sq": 0.02035806778818369,
  "z_noise_mean": -0.004147367648547515,
  "z_noise_std": 0.8870627629756928,
  "coverage_noise@68": 0.7593137288093567,
  "coverage_noise@95": 0.9681372487545014,
  "mean_emp_noise_var": 0.010078396610915662
}