{
  "avg_mse_full": 0.0008586180230945741,
  "coverage@68": 0.9008018092105263,
  "coverage@95": 0.9911338404605263,
  "z_mean": 0.051364104116433544,
  "z_std": 0.5600053338628066,
  "z_abs_mean": 0.46353212155793844,
  "NLL_mean": -2.6587590543847335,
  "mean_pred_var": 0.0006838783768838958,
  "mean_residual_sq": 0.00025820117528047905,
  "z_noise_mean": null,
  "z_noise_std": null,
  "coverage_noise@68": null,
  "coverage_noise@95": null,
  "mean_emp_noise_var": null
}