{
  "avg_mse_full": 0.005984548614360392,
  "coverage@68": 0.756300035516421,
  "coverage@95": 0.9142400455474854,
  "z_mean": 0.05578927366218219,
  "z_std": 1.0852429099877676,
  "z_abs_mean": 0.6713374213377634,
  "NLL_mean": -2.931813184420268,
  "mean_pred_var": 0.0032897468532125155,
  "mean_residual_sq": 0.004575253047514707,
  "z_noise_mean": null,
  "z_noise_std": null,
  "coverage_noise@68": null,
  "coverage_noise@95": null,
  "mean_emp_noise_var": null
}