{
  "avg_mse_full": 0.02762196886042754,
  "coverage@68": 0.690301700035731,
  "coverage@95": 0.8228883731365204,
  "z_mean": 0.09493581328424625,
  "z_std": 1.7159572299321493,
  "z_abs_mean": 1.0258767672379812,
  "NLL_mean": -1.5488560565809408,
  "mean_pred_var": 0.009646147501965364,
  "mean_residual_sq": 0.028110008261476954,
  "z_noise_mean": null,
  "z_noise_std": null,
  "coverage_noise@68": null,
  "coverage_noise@95": null,
  "mean_emp_noise_var": null
}