{
  "avg_mse_full": 0.0044119644444435835,
  "coverage@68": 0.8046190355505262,
  "coverage@95": 0.943321419613702,
  "z_mean": -0.1087479379161128,
  "z_std": 0.9306743953909192,
  "z_abs_mean": 0.6006295340401786,
  "NLL_mean": -3.0405941350119456,
  "mean_pred_var": 0.0030398121868659344,
  "mean_residual_sq": 0.004241649261010545,
  "z_noise_mean": null,
  "z_noise_std": null,
  "coverage_noise@68": null,
  "coverage_noise@95": null,
  "mean_emp_noise_var": null
}