{
  "avg_mse_full": 0.014806874739006161,
  "coverage@68": 0.6051960986852646,
  "coverage@95": 0.9009804213047028,
  "z_mean": -0.008106562324392143,
  "z_std": 1.2015469789505004,
  "z_abs_mean": 0.9636892533302307,
  "NLL_mean": -0.6135890232026577,
  "mean_pred_var": 0.010973530039191246,
  "mean_residual_sq": 0.016466328743845224,
  "z_noise_mean": -0.003238685398828238,
  "z_noise_std": 1.0001190149784087,
  "coverage_noise@68": 0.6939215934276581,
  "coverage_noise@95": 0.9497059226036072,
  "mean_emp_noise_var": 0.010078396834433078
}