{
  "avg_mse_full": 0.008802236733026802,
  "coverage@68": 0.4836761721968651,
  "coverage@95": 0.7770883548259735,
  "z_mean": -0.30078838899731636,
  "z_std": 2.08723073720932,
  "z_abs_mean": 1.5527908909320831,
  "NLL_mean": -0.01443040780723095,
  "mean_pred_var": 0.0013978186633903534,
  "mean_residual_sq": 0.008802357674576343,
  "z_noise_mean": null,
  "z_noise_std": null,
  "coverage_noise@68": null,
  "coverage_noise@95": null,
  "mean_emp_noise_var": null
}