{
  "avg_mse_full": 0.004441796619045947,
  "coverage@68": 0.8265000368867602,
  "coverage@95": 0.9550000429153442,
  "z_mean": -0.11594309923904282,
  "z_std": 0.8514861251626696,
  "z_abs_mean": 0.5615473006452832,
  "NLL_mean": -3.2131692341395786,
  "mean_pred_var": 0.002546684034833951,
  "mean_residual_sq": 0.0028981412095682962,
  "z_noise_mean": null,
  "z_noise_std": null,
  "coverage_noise@68": null,
  "coverage_noise@95": null,
  "mean_emp_noise_var": null
}