{
  "avg_mse_full": 0.0067572002252563835,
  "coverage@68": 0.8189367047945658,
  "coverage@95": 0.9607900440692901,
  "z_mean": 0.09658193610298137,
  "z_std": 0.798691952029864,
  "z_abs_mean": 0.5456390264630318,
  "NLL_mean": -2.668930516242981,
  "mean_pred_var": 0.007683442598208785,
  "mean_residual_sq": 0.005952403217088431,
  "z_noise_mean": null,
  "z_noise_std": null,
  "coverage_noise@68": null,
  "coverage_noise@95": null,
  "mean_emp_noise_var": null
}