{
  "avg_mse_full": 0.05415160072093107,
  "coverage@68": 0.6287652898807915,
  "coverage@95": 0.7442305878717073,
  "z_mean": 0.08231016650216236,
  "z_std": 2.4762581270568225,
  "z_abs_mean": 1.5144162980877622,
  "NLL_mean": -0.06845087592242932,
  "mean_pred_var": 0.008369812076645238,
  "mean_residual_sq": 0.05526660793289846,
  "z_noise_mean": null,
  "z_noise_std": null,
  "coverage_noise@68": null,
  "coverage_noise@95": null,
  "mean_emp_noise_var": null
}