{
  "avg_mse_full": 0.00791526804678142,
  "coverage@68": 0.7653749823570252,
  "coverage@95": 0.9223049759864808,
  "z_mean": -0.05456497143022716,
  "z_std": 1.0788418889045714,
  "z_abs_mean": 0.6887989819049836,
  "NLL_mean": -2.7974451065063475,
  "mean_pred_var": 0.003739172546193004,
  "mean_residual_sq": 0.00791526804678142,
  "z_noise_mean": null,
  "z_noise_std": null,
  "coverage_noise@68": null,
  "coverage_noise@95": null,
  "mean_emp_noise_var": null
}