{
  "avg_mse_full": 0.012725739618763327,
  "coverage@68": 0.6464706099033356,
  "coverage@95": 0.921862781047821,
  "z_mean": 0.008219166923081502,
  "z_std": 1.1056846618652343,
  "z_abs_mean": 0.8819407939910888,
  "NLL_mean": -0.7101825566589832,
  "mean_pred_var": 0.012821885263547302,
  "mean_residual_sq": 0.013545559402555227,
  "z_noise_mean": -0.003583146915771067,
  "z_noise_std": 1.0005341398715972,
  "coverage_noise@68": 0.6984313976764679,
  "coverage_noise@95": 0.9449019968509674,
  "mean_emp_noise_var": 0.010078396834433078
}