{
  "avg_mse_full": 0.012182645825669169,
  "coverage@68": 0.748084980249405,
  "coverage@95": 0.8875549852848053,
  "z_mean": -0.07519283751025796,
  "z_std": 1.289485079050064,
  "z_abs_mean": 0.7872515082359314,
  "NLL_mean": -2.514174795150757,
  "mean_pred_var": 0.0037451540119946003,
  "mean_residual_sq": 0.012182645825669169,
  "z_noise_mean": null,
  "z_noise_std": null,
  "coverage_noise@68": null,
  "coverage_noise@95": null,
  "mean_emp_noise_var": null
}