{
  "avg_mse_full": 0.047372366545411444,
  "coverage@68": 0.6820633643865586,
  "coverage@95": 0.7961167041460673,
  "z_mean": 0.07202158123875657,
  "z_std": 1.7678178501129151,
  "z_abs_mean": 1.1411713015039762,
  "NLL_mean": -1.0524728812277317,
  "mean_pred_var": 0.007732425291712085,
  "mean_residual_sq": 0.05246611366979778,
  "z_noise_mean": null,
  "z_noise_std": null,
  "coverage_noise@68": null,
  "coverage_noise@95": null,
  "mean_emp_noise_var": null
}