{
  "avg_mse_full": 0.0026900094757996954,
  "coverage@68": 0.7699028594153268,
  "coverage@95": 0.9173878796246587,
  "z_mean": 0.14625518478700245,
  "z_std": 1.0270291615505607,
  "z_abs_mean": 0.6680662930011749,
  "NLL_mean": -1.7561715622337497,
  "mean_pred_var": 0.0017467715649162323,
  "mean_residual_sq": 0.002703144386106608,
  "z_noise_mean": null,
  "z_noise_std": null,
  "coverage_noise@68": null,
  "coverage_noise@95": null,
  "mean_emp_noise_var": null
}