{
  "avg_mse_full": 0.023154243066602825,
  "coverage@68": 0.6759183978547856,
  "coverage@95": 0.8409184095810871,
  "z_mean": 0.07201079949047606,
  "z_std": 2.184912913916062,
  "z_abs_mean": 1.1382218234393062,
  "NLL_mean": 0.035374155914296906,
  "mean_pred_var": 0.0077555082187208595,
  "mean_residual_sq": 0.023520277946123054,
  "z_noise_mean": null,
  "z_noise_std": null,
  "coverage_noise@68": null,
  "coverage_noise@95": null,
  "mean_emp_noise_var": null
}