{
  "avg_mse_full": 0.002338777709638282,
  "coverage@68": 0.7714485367950128,
  "coverage@95": 0.9180496687791786,
  "z_mean": 0.013295402066135893,
  "z_std": 1.0197749466312176,
  "z_abs_mean": 0.5785602312915179,
  "NLL_mean": -1.863025679880259,
  "mean_pred_var": 0.0015537390124280841,
  "mean_residual_sq": 0.002373280847084005,
  "z_noise_mean": null,
  "z_noise_std": null,
  "coverage_noise@68": null,
  "coverage_noise@95": null,
  "mean_emp_noise_var": null
}