{
  "avg_mse_full": 0.05516921531180946,
  "coverage@68": 0.3526410582114239,
  "coverage@95": 0.6141456602787485,
  "z_mean": -0.673252533893196,
  "z_std": 2.570748640566456,
  "z_abs_mean": 2.052037246373235,
  "NLL_mean": 2.312557692354431,
  "mean_pred_var": 0.008249955622441307,
  "mean_residual_sq": 0.05984775748636041,
  "z_noise_mean": 0.009151868307452212,
  "z_noise_std": 1.1581934386370134,
  "coverage_noise@68": 0.6225490217306175,
  "coverage_noise@95": 0.9147659077936289,
  "mean_emp_noise_var": 0.010175724219226715
}