{
  "avg_mse_full": 0.004614319419488311,
  "coverage@68": 0.7982499748468399,
  "coverage@95": 0.9230749905109406,
  "z_mean": 0.05463732685893774,
  "z_std": 2.614785313606262,
  "z_abs_mean": 0.7912295013666153,
  "NLL_mean": -0.12187354639172554,
  "mean_pred_var": 0.0025882941554300487,
  "mean_residual_sq": 0.004614319419488311,
  "z_noise_mean": null,
  "z_noise_std": null,
  "coverage_noise@68": null,
  "coverage_noise@95": null,
  "mean_emp_noise_var": null
}