{
  "avg_mse_full": 0.004119499819353223,
  "coverage@68": 0.8181499689817429,
  "coverage@95": 0.9510124921798706,
  "z_mean": 0.03662589378654957,
  "z_std": 0.8663477599620819,
  "z_abs_mean": 0.5304141342639923,
  "NLL_mean": -3.134775996208191,
  "mean_pred_var": 0.00326576764928177,
  "mean_residual_sq": 0.004119499819353223,
  "z_noise_mean": null,
  "z_noise_std": null,
  "coverage_noise@68": null,
  "coverage_noise@95": null,
  "mean_emp_noise_var": null
}