{
  "avg_mse_full": 0.004291415298357606,
  "coverage@68": 0.6986540484428406,
  "coverage@95": 0.8458431196212769,
  "z_mean": -0.00886395868845284,
  "z_std": 1.4109022164344787,
  "z_abs_mean": 0.8889431667327881,
  "NLL_mean": -1.442766456604004,
  "mean_pred_var": 0.001453258148394525,
  "mean_residual_sq": 0.004279003222472965,
  "z_noise_mean": null,
  "z_noise_std": null,
  "coverage_noise@68": null,
  "coverage_noise@95": null,
  "mean_emp_noise_var": null
}