{
  "avg_mse_full": 1.8723297590503887,
  "coverage@68": 0.1129451816787525,
  "coverage@95": 0.21618648299149104,
  "z_mean": 0.17213765521324714,
  "z_std": 6.387685225934399,
  "z_abs_mean": 5.494168629451674,
  "NLL_mean": 21.570699025173578,
  "mean_pred_var": 0.04006623712425329,
  "mean_residual_sq": 1.9200196847015498,
  "z_noise_mean": 0.007454570591905896,
  "z_noise_std": 0.7554862401923355,
  "coverage_noise@68": 0.8587435264976657,
  "coverage_noise@95": 0.9729892331726697,
  "mean_emp_noise_var": 0.010175724589855087
}