{
  "avg_mse_full": 0.01122685519940391,
  "coverage@68": 0.7903661764397913,
  "coverage@95": 0.9086134823001161,
  "z_mean": -0.17488377878670486,
  "z_std": 1.1464294937192177,
  "z_abs_mean": 0.7085886342184884,
  "NLL_mean": -3.320191509869634,
  "mean_pred_var": 0.0012566914986248832,
  "mean_residual_sq": 0.006397352026471374,
  "z_noise_mean": null,
  "z_noise_std": null,
  "coverage_noise@68": null,
  "coverage_noise@95": null,
  "mean_emp_noise_var": null
}