{
  "avg_mse_full": 0.420135779099332,
  "coverage@68": 0.24549416527904647,
  "coverage@95": 0.4443949454962605,
  "z_mean": -0.4735751778752816,
  "z_std": 4.6771620945497,
  "z_abs_mean": 3.6515791476374924,
  "NLL_mean": 13.319636826337588,
  "mean_pred_var": 0.021675887755165348,
  "mean_residual_sq": 0.41478118593945645,
  "z_noise_mean": 0.0060777713102523724,
  "z_noise_std": 0.9021133094122915,
  "coverage_noise@68": 0.7659932952938657,
  "coverage_noise@95": 0.9554862650957975,
  "mean_emp_noise_var": 0.01012656915782377
}