{
  "avg_mse_full": 0.2364984822713516,
  "coverage@68": 0.3822043982870651,
  "coverage@95": 0.6042780755746244,
  "z_mean": -0.19772555909679282,
  "z_std": 3.7157428499424094,
  "z_abs_mean": 2.9683766750374225,
  "NLL_mean": 10.554843474104247,
  "mean_pred_var": 0.01771615544390498,
  "mean_residual_sq": 0.24213542744065775,
  "z_noise_mean": 0.002348605225878683,
  "z_noise_std": 0.9715219248424877,
  "coverage_noise@68": 0.7376213121895838,
  "coverage_noise@95": 0.945434737687159,
  "mean_emp_noise_var": 0.01012656886149386
}