{
  "avg_mse_full": 0.009846009826287628,
  "coverage@68": 0.7281249761581421,
  "coverage@95": 0.9025749742984772,
  "z_mean": -0.1605628490447998,
  "z_std": 1.214839094877243,
  "z_abs_mean": 0.7990308165550232,
  "NLL_mean": -2.658338260650635,
  "mean_pred_var": 0.003641606029123068,
  "mean_residual_sq": 0.009846009733155369,
  "z_noise_mean": null,
  "z_noise_std": null,
  "coverage_noise@68": null,
  "coverage_noise@95": null,
  "mean_emp_noise_var": null
}