{
  "avg_mse_full": 0.008847080962732434,
  "coverage@68": 0.6603921508789062,
  "coverage@95": 0.938333328962326,
  "z_mean": 0.018125267699360847,
  "z_std": 1.0543765687942506,
  "z_abs_mean": 0.8418694722652436,
  "NLL_mean": -0.8130024158954621,
  "mean_pred_var": 0.010641351779922844,
  "mean_residual_sq": 0.011112229619175195,
  "z_noise_mean": -0.0012398489669431,
  "z_noise_std": 1.0107390677928925,
  "coverage_noise@68": 0.6824509751796722,
  "coverage_noise@95": 0.9499999940395355,
  "mean_emp_noise_var": 0.010078396610915662
}