{
  "avg_mse_full": 0.0037325097088653004,
  "coverage@68": 0.7799136513157895,
  "coverage@95": 0.9225046258223685,
  "z_mean": -0.22012028490242205,
  "z_std": 0.9935551630823236,
  "z_abs_mean": 0.7082747785668624,
  "NLL_mean": -1.8611225752454055,
  "mean_pred_var": 0.001371154678054154,
  "mean_residual_sq": 0.001978150798669575,
  "z_noise_mean": null,
  "z_noise_std": null,
  "coverage_noise@68": null,
  "coverage_noise@95": null,
  "mean_emp_noise_var": null
}