{
  "avg_mse_full": 0.004411006629067872,
  "coverage@68": 0.8238214594977242,
  "coverage@95": 0.951464329447065,
  "z_mean": 0.08947145935547139,
  "z_std": 0.8710312502724784,
  "z_abs_mean": 0.5749707647732326,
  "NLL_mean": -3.198405010359628,
  "mean_pred_var": 0.002404762797855905,
  "mean_residual_sq": 0.0027757338414500865,
  "z_noise_mean": null,
  "z_noise_std": null,
  "coverage_noise@68": null,
  "coverage_noise@95": null,
  "mean_emp_noise_var": null
}