{
  "avg_mse_full": 0.0027210113243199886,
  "coverage@68": 0.7702320146560669,
  "coverage@95": 0.929737514257431,
  "z_mean": 0.024255500715225933,
  "z_std": 0.9929505074024201,
  "z_abs_mean": 0.7429754024744034,
  "NLL_mean": -2.0343207502365113,
  "mean_pred_var": 0.0015444258321076633,
  "mean_residual_sq": 0.00255205713910982,
  "z_noise_mean": null,
  "z_noise_std": null,
  "coverage_noise@68": null,
  "coverage_noise@95": null,
  "mean_emp_noise_var": null
}