{
  "avg_mse_full": 0.21245959758758545,
  "coverage@68": 0.2792156882584095,
  "coverage@95": 0.4883333349227905,
  "z_mean": 0.146050477437675,
  "z_std": 4.009276440143585,
  "z_abs_mean": 3.1286240291595457,
  "NLL_mean": 8.744032239448279,
  "mean_pred_var": 0.012042999770492314,
  "mean_residual_sq": 0.221690282728523,
  "z_noise_mean": -0.00046846707758959385,
  "z_noise_std": 0.9837987518310547,
  "coverage_noise@68": 0.7005882346630097,
  "coverage_noise@95": 0.9521568560600281,
  "mean_emp_noise_var": 0.010078396610915662
}