{
  "avg_mse_full": 0.007911059252607325,
  "coverage@68": 0.7998667047421137,
  "coverage@95": 0.942136709690094,
  "z_mean": 0.025829678687732668,
  "z_std": 0.9320597724119822,
  "z_abs_mean": 0.6055545248587926,
  "NLL_mean": -3.0295241101582846,
  "mean_pred_var": 0.004238759060390293,
  "mean_residual_sq": 0.006952955136851718,
  "z_noise_mean": null,
  "z_noise_std": null,
  "coverage_noise@68": null,
  "coverage_noise@95": null,
  "mean_emp_noise_var": null
}