{
  "avg_mse_full": 0.006511629605665803,
  "coverage@68": 0.7808449745178223,
  "coverage@95": 0.9139149844646454,
  "z_mean": -0.04515963532030583,
  "z_std": 1.0686958611011506,
  "z_abs_mean": 0.6515851438045501,
  "NLL_mean": -2.9066713571548464,
  "mean_pred_var": 0.003249366139061749,
  "mean_residual_sq": 0.006511629605665803,
  "z_noise_mean": null,
  "z_noise_std": null,
  "coverage_noise@68": null,
  "coverage_noise@95": null,
  "mean_emp_noise_var": null
}