{
  "avg_mse_full": 0.013995933309197427,
  "coverage@68": 0.6332478880882263,
  "coverage@95": 0.7487912380695343,
  "z_mean": 0.5845246362686157,
  "z_std": 2.2834745621681214,
  "z_abs_mean": 1.3126715576648713,
  "NLL_mean": 0.7757466403022408,
  "mean_pred_var": 0.002770515475422144,
  "mean_residual_sq": 0.014034598274156452,
  "z_noise_mean": null,
  "z_noise_std": null,
  "coverage_noise@68": null,
  "coverage_noise@95": null,
  "mean_emp_noise_var": null
}