{
  "avg_mse_full": 0.03629450091369906,
  "coverage@68": 0.5003742536111754,
  "coverage@95": 0.7498877632374666,
  "z_mean": 0.06737258582737068,
  "z_std": 1.829291004307416,
  "z_abs_mean": 1.418286263334508,
  "NLL_mean": 0.5864147993222791,
  "mean_pred_var": 0.015430900619878453,
  "mean_residual_sq": 0.03773691563163789,
  "z_noise_mean": 0.0019951935237444633,
  "z_noise_std": 0.6003199432577405,
  "coverage_noise@68": 0.9070655581902485,
  "coverage_noise@95": 0.9887980064567254,
  "mean_emp_noise_var": 0.0025101109806980404
}