{
  "avg_mse_full": 0.05892722770495682,
  "coverage@68": 0.3888555570524566,
  "coverage@95": 0.6757703338350568,
  "z_mean": -0.5993584193745438,
  "z_std": 2.0377636661334915,
  "z_abs_mean": 1.6791074190820967,
  "NLL_mean": 1.1337613664111312,
  "mean_pred_var": 0.015423379040190153,
  "mean_residual_sq": 0.07522981705106034,
  "z_noise_mean": 0.007767413170266972,
  "z_noise_std": 0.8888107501730627,
  "coverage_noise@68": 0.7569027847173263,
  "coverage_noise@95": 0.9693877964603658,
  "mean_emp_noise_var": 0.010175724589855087
}